image:FILE,category
train/Bentley/Bentley_025.jpg,4
train/Bentley/Bentley_004.jpg,4
train/Bentley/Bentley_038.jpg,4
train/Bentley/Bentley_011.jpg,4
train/Bentley/Bentley_006.jpg,4
train/Bentley/Bentley_090.jpg,4
train/Bentley/Bentley_027.jpg,4
train/Bentley/Bentley_024.jpg,4
train/Bentley/Bentley_032.jpg,4
train/Bentley/Bentley_007.jpg,4
train/Bentley/Bentley_089.jpg,4
train/Bentley/Bentley_005.jpg,4
train/Bentley/Bentley_019.jpg,4
train/Bentley/Bentley_076.jpg,4
train/Bentley/Bentley_048.jpg,4
train/Bentley/Bentley_056.jpg,4
train/Bentley/Bentley_084.jpg,4
train/Bentley/Bentley_042.jpg,4
train/Bentley/Bentley_002.jpg,4
train/Bentley/Bentley_046.jpg,4
train/Bentley/Bentley_082.jpg,4
train/Bentley/Bentley_074.jpg,4
train/Bentley/Bentley_039.jpg,4
train/Bentley/Bentley_030.jpg,4
train/Bentley/Bentley_009.jpg,4
train/Bentley/Bentley_052.jpg,4
train/Bentley/Bentley_036.jpg,4
train/Bentley/Bentley_003.jpg,4
train/Bentley/Bentley_008.jpg,4
train/Bentley/Bentley_000.jpg,4
train/Bentley/Bentley_047.jpg,4
train/Bentley/Bentley_051.jpg,4
train/Bentley/Bentley_058.jpg,4
train/Bentley/Bentley_065.jpg,4
train/Bentley/Bentley_067.jpg,4
train/Bentley/Bentley_062.jpg,4
train/Bentley/Bentley_050.jpg,4
train/Bentley/Bentley_045.jpg,4
train/Bentley/Bentley_013.jpg,4
train/Bentley/Bentley_053.jpg,4
train/Bentley/Bentley_063.jpg,4
train/Bentley/Bentley_040.jpg,4
train/Bentley/Bentley_035.jpg,4
train/Bentley/Bentley_031.jpg,4
train/Bentley/Bentley_037.jpg,4
train/Bentley/Bentley_023.jpg,4
train/Bentley/Bentley_057.jpg,4
train/Bentley/Bentley_012.jpg,4
train/Bentley/Bentley_020.jpg,4
train/Bentley/Bentley_088.jpg,4
train/Bentley/Bentley_073.jpg,4
train/Bentley/Bentley_072.jpg,4
train/Bentley/Bentley_069.jpg,4
train/Bentley/Bentley_041.jpg,4
train/Bentley/Bentley_021.jpg,4
train/Bentley/Bentley_001.jpg,4
train/Bentley/Bentley_081.jpg,4
train/Bentley/Bentley_060.jpg,4
train/Bentley/Bentley_075.jpg,4
train/Bentley/Bentley_034.jpg,4
train/Bentley/Bentley_070.jpg,4
train/Bentley/Bentley_077.jpg,4
train/Bentley/Bentley_016.jpg,4
train/Bentley/Bentley_086.jpg,4
train/Bentley/Bentley_087.jpg,4
train/Bentley/Bentley_028.jpg,4
train/Bentley/Bentley_044.jpg,4
train/Bentley/Bentley_017.jpg,4
train/Bentley/Bentley_018.jpg,4
train/Bentley/Bentley_055.jpg,4
train/Bentley/Bentley_066.jpg,4
train/Bentley/Bentley_061.jpg,4
train/Bentley/Bentley_085.jpg,4
train/Bentley/Bentley_049.jpg,4
train/Bentley/Bentley_022.jpg,4
train/Bentley/Bentley_071.jpg,4
train/Bentley/Bentley_079.jpg,4
train/Bentley/Bentley_010.jpg,4
train/Bentley/Bentley_043.jpg,4
train/Bentley/Bentley_033.jpg,4
train/Bentley/Bentley_078.jpg,4
train/Bentley/Bentley_064.jpg,4
train/Bentley/Bentley_029.jpg,4
train/Bentley/Bentley_080.jpg,4
train/Bentley/Bentley_015.jpg,4
train/Bentley/Bentley_014.jpg,4
train/Bentley/Bentley_026.jpg,4
train/Volvo/Volvo_009.jpg,49
train/Volvo/Volvo_050.jpg,49
train/Volvo/Volvo_070.jpg,49
train/Volvo/Volvo_058.jpg,49
train/Volvo/Volvo_006.jpg,49
train/Volvo/Volvo_021.jpg,49
train/Volvo/Volvo_084.jpg,49
train/Volvo/Volvo_018.jpg,49
train/Volvo/Volvo_054.jpg,49
train/Volvo/Volvo_057.jpg,49
train/Volvo/Volvo_066.jpg,49
train/Volvo/Volvo_001.jpg,49
train/Volvo/Volvo_073.jpg,49
train/Volvo/Volvo_055.jpg,49
train/Volvo/Volvo_045.jpg,49
train/Volvo/Volvo_016.jpg,49
train/Volvo/Volvo_014.jpg,49
train/Volvo/Volvo_075.jpg,49
train/Volvo/Volvo_033.jpg,49
train/Volvo/Volvo_040.jpg,49
train/Volvo/Volvo_011.jpg,49
train/Volvo/Volvo_032.jpg,49
train/Volvo/Volvo_081.jpg,49
train/Volvo/Volvo_024.jpg,49
train/Volvo/Volvo_056.jpg,49
train/Volvo/Volvo_078.jpg,49
train/Volvo/Volvo_048.jpg,49
train/Volvo/Volvo_017.jpg,49
train/Volvo/Volvo_051.jpg,49
train/Volvo/Volvo_053.jpg,49
train/Volvo/Volvo_036.jpg,49
train/Volvo/Volvo_015.jpg,49
train/Volvo/Volvo_022.jpg,49
train/Volvo/Volvo_041.jpg,49
train/Volvo/Volvo_012.jpg,49
train/Volvo/Volvo_086.jpg,49
train/Volvo/Volvo_039.jpg,49
train/Volvo/Volvo_042.jpg,49
train/Volvo/Volvo_038.jpg,49
train/Volvo/Volvo_068.jpg,49
train/Volvo/Volvo_026.jpg,49
train/Volvo/Volvo_046.jpg,49
train/Volvo/Volvo_049.jpg,49
train/Volvo/Volvo_007.jpg,49
train/Volvo/Volvo_037.jpg,49
train/Volvo/Volvo_031.jpg,49
train/Volvo/Volvo_034.jpg,49
train/Volvo/Volvo_077.jpg,49
train/Volvo/Volvo_080.jpg,49
train/Volvo/Volvo_069.jpg,49
train/Volvo/Volvo_065.jpg,49
train/Volvo/Volvo_067.jpg,49
train/Volvo/Volvo_085.jpg,49
train/Volvo/Volvo_071.jpg,49
train/Volvo/Volvo_030.jpg,49
train/Volvo/Volvo_025.jpg,49
train/Volvo/Volvo_004.jpg,49
train/Volvo/Volvo_088.jpg,49
train/Volvo/Volvo_062.jpg,49
train/Volvo/Volvo_083.jpg,49
train/Volvo/Volvo_008.jpg,49
train/Volvo/Volvo_010.jpg,49
train/Volvo/Volvo_079.jpg,49
train/Volvo/Volvo_047.jpg,49
train/Volvo/Volvo_082.jpg,49
train/Volvo/Volvo_035.jpg,49
train/Volvo/Volvo_061.jpg,49
train/Volvo/Volvo_029.jpg,49
train/Volvo/Volvo_072.jpg,49
train/Volvo/Volvo_043.jpg,49
train/Volvo/Volvo_027.jpg,49
train/Volvo/Volvo_087.jpg,49
train/Volvo/Volvo_028.jpg,49
train/Volvo/Volvo_076.jpg,49
train/Volvo/Volvo_002.jpg,49
train/Volvo/Volvo_023.jpg,49
train/Volvo/Volvo_044.jpg,49
train/Volvo/Volvo_063.jpg,49
train/Volvo/Volvo_074.jpg,49
train/Volvo/Volvo_052.jpg,49
train/Volvo/Volvo_005.jpg,49
train/Volvo/Volvo_013.jpg,49
train/Volvo/Volvo_020.jpg,49
train/Volvo/Volvo_003.jpg,49
train/Volvo/Volvo_059.jpg,49
train/Alfa_Romeo/Alfa_Romeo_031.jpg,1
train/Alfa_Romeo/Alfa_Romeo_003.jpg,1
train/Alfa_Romeo/Alfa_Romeo_026.jpg,1
train/Alfa_Romeo/Alfa_Romeo_058.jpg,1
train/Alfa_Romeo/Alfa_Romeo_012.jpg,1
train/Alfa_Romeo/Alfa_Romeo_056.jpg,1
train/Alfa_Romeo/Alfa_Romeo_024.jpg,1
train/Alfa_Romeo/Alfa_Romeo_076.jpg,1
train/Alfa_Romeo/Alfa_Romeo_066.jpg,1
train/Alfa_Romeo/Alfa_Romeo_017.jpg,1
train/Alfa_Romeo/Alfa_Romeo_015.jpg,1
train/Alfa_Romeo/Alfa_Romeo_043.jpg,1
train/Alfa_Romeo/Alfa_Romeo_050.jpg,1
train/Alfa_Romeo/Alfa_Romeo_035.jpg,1
train/Alfa_Romeo/Alfa_Romeo_059.jpg,1
train/Alfa_Romeo/Alfa_Romeo_071.jpg,1
train/Alfa_Romeo/Alfa_Romeo_001.jpg,1
train/Alfa_Romeo/Alfa_Romeo_075.jpg,1
train/Alfa_Romeo/Alfa_Romeo_048.jpg,1
train/Alfa_Romeo/Alfa_Romeo_086.jpg,1
train/Alfa_Romeo/Alfa_Romeo_011.jpg,1
train/Alfa_Romeo/Alfa_Romeo_018.jpg,1
train/Alfa_Romeo/Alfa_Romeo_004.jpg,1
train/Alfa_Romeo/Alfa_Romeo_044.jpg,1
train/Alfa_Romeo/Alfa_Romeo_030.jpg,1
train/Alfa_Romeo/Alfa_Romeo_005.jpg,1
train/Alfa_Romeo/Alfa_Romeo_002.jpg,1
train/Alfa_Romeo/Alfa_Romeo_008.jpg,1
train/Alfa_Romeo/Alfa_Romeo_088.jpg,1
train/Alfa_Romeo/Alfa_Romeo_022.jpg,1
train/Alfa_Romeo/Alfa_Romeo_014.jpg,1
train/Alfa_Romeo/Alfa_Romeo_069.jpg,1
train/Alfa_Romeo/Alfa_Romeo_047.jpg,1
train/Alfa_Romeo/Alfa_Romeo_054.jpg,1
train/Alfa_Romeo/Alfa_Romeo_028.jpg,1
train/Alfa_Romeo/Alfa_Romeo_087.jpg,1
train/Alfa_Romeo/Alfa_Romeo_053.jpg,1
train/Alfa_Romeo/Alfa_Romeo_073.jpg,1
train/Alfa_Romeo/Alfa_Romeo_037.jpg,1
train/Alfa_Romeo/Alfa_Romeo_007.jpg,1
train/Alfa_Romeo/Alfa_Romeo_032.jpg,1
train/Alfa_Romeo/Alfa_Romeo_038.jpg,1
train/Alfa_Romeo/Alfa_Romeo_027.jpg,1
train/Alfa_Romeo/Alfa_Romeo_023.jpg,1
train/Alfa_Romeo/Alfa_Romeo_055.jpg,1
train/Alfa_Romeo/Alfa_Romeo_042.jpg,1
train/Alfa_Romeo/Alfa_Romeo_078.jpg,1
train/Alfa_Romeo/Alfa_Romeo_082.jpg,1
train/Alfa_Romeo/Alfa_Romeo_034.jpg,1
train/Alfa_Romeo/Alfa_Romeo_080.jpg,1
train/Alfa_Romeo/Alfa_Romeo_010.jpg,1
train/Alfa_Romeo/Alfa_Romeo_045.jpg,1
train/Alfa_Romeo/Alfa_Romeo_084.jpg,1
train/Alfa_Romeo/Alfa_Romeo_039.jpg,1
train/Alfa_Romeo/Alfa_Romeo_083.jpg,1
train/Alfa_Romeo/Alfa_Romeo_020.jpg,1
train/Alfa_Romeo/Alfa_Romeo_046.jpg,1
train/Alfa_Romeo/Alfa_Romeo_065.jpg,1
train/Alfa_Romeo/Alfa_Romeo_040.jpg,1
train/Alfa_Romeo/Alfa_Romeo_036.jpg,1
train/Alfa_Romeo/Alfa_Romeo_060.jpg,1
train/Alfa_Romeo/Alfa_Romeo_064.jpg,1
train/Alfa_Romeo/Alfa_Romeo_068.jpg,1
train/Alfa_Romeo/Alfa_Romeo_079.jpg,1
train/Alfa_Romeo/Alfa_Romeo_085.jpg,1
train/Alfa_Romeo/Alfa_Romeo_021.jpg,1
train/Alfa_Romeo/Alfa_Romeo_072.jpg,1
train/Alfa_Romeo/Alfa_Romeo_006.jpg,1
train/Alfa_Romeo/Alfa_Romeo_067.jpg,1
train/Alfa_Romeo/Alfa_Romeo_063.jpg,1
train/Alfa_Romeo/Alfa_Romeo_081.jpg,1
train/Alfa_Romeo/Alfa_Romeo_077.jpg,1
train/Alfa_Romeo/Alfa_Romeo_029.jpg,1
train/Alfa_Romeo/Alfa_Romeo_019.jpg,1
train/Alfa_Romeo/Alfa_Romeo_025.jpg,1
train/Alfa_Romeo/Alfa_Romeo_000.jpg,1
train/Alfa_Romeo/Alfa_Romeo_057.jpg,1
train/Alfa_Romeo/Alfa_Romeo_009.jpg,1
train/Alfa_Romeo/Alfa_Romeo_016.jpg,1
train/Alfa_Romeo/Alfa_Romeo_049.jpg,1
train/Alfa_Romeo/Alfa_Romeo_074.jpg,1
train/Alfa_Romeo/Alfa_Romeo_013.jpg,1
train/Alfa_Romeo/Alfa_Romeo_062.jpg,1
train/Alfa_Romeo/Alfa_Romeo_070.jpg,1
train/Alfa_Romeo/Alfa_Romeo_051.jpg,1
train/Porsche/Porsche_054.jpg,39
train/Porsche/Porsche_046.jpg,39
train/Porsche/Porsche_070.jpg,39
train/Porsche/Porsche_014.jpg,39
train/Porsche/Porsche_059.jpg,39
train/Porsche/Porsche_009.jpg,39
train/Porsche/Porsche_058.jpg,39
train/Porsche/Porsche_086.jpg,39
train/Porsche/Porsche_082.jpg,39
train/Porsche/Porsche_021.jpg,39
train/Porsche/Porsche_075.jpg,39
train/Porsche/Porsche_008.jpg,39
train/Porsche/Porsche_013.jpg,39
train/Porsche/Porsche_060.jpg,39
train/Porsche/Porsche_078.jpg,39
train/Porsche/Porsche_073.jpg,39
train/Porsche/Porsche_034.jpg,39
train/Porsche/Porsche_072.jpg,39
train/Porsche/Porsche_017.jpg,39
train/Porsche/Porsche_031.jpg,39
train/Porsche/Porsche_047.jpg,39
train/Porsche/Porsche_042.jpg,39
train/Porsche/Porsche_077.jpg,39
train/Porsche/Porsche_004.jpg,39
train/Porsche/Porsche_006.jpg,39
train/Porsche/Porsche_005.jpg,39
train/Porsche/Porsche_022.jpg,39
train/Porsche/Porsche_061.jpg,39
train/Porsche/Porsche_010.jpg,39
train/Porsche/Porsche_062.jpg,39
train/Porsche/Porsche_032.jpg,39
train/Porsche/Porsche_066.jpg,39
train/Porsche/Porsche_065.jpg,39
train/Porsche/Porsche_051.jpg,39
train/Porsche/Porsche_063.jpg,39
train/Porsche/Porsche_000.jpg,39
train/Porsche/Porsche_025.jpg,39
train/Porsche/Porsche_044.jpg,39
train/Porsche/Porsche_041.jpg,39
train/Porsche/Porsche_057.jpg,39
train/Porsche/Porsche_015.jpg,39
train/Porsche/Porsche_080.jpg,39
train/Porsche/Porsche_064.jpg,39
train/Porsche/Porsche_040.jpg,39
train/Porsche/Porsche_055.jpg,39
train/Porsche/Porsche_043.jpg,39
train/Porsche/Porsche_053.jpg,39
train/Porsche/Porsche_081.jpg,39
train/Porsche/Porsche_033.jpg,39
train/Porsche/Porsche_067.jpg,39
train/Porsche/Porsche_026.jpg,39
train/Porsche/Porsche_001.jpg,39
train/Porsche/Porsche_027.jpg,39
train/Porsche/Porsche_028.jpg,39
train/Porsche/Porsche_050.jpg,39
train/Porsche/Porsche_018.jpg,39
train/Porsche/Porsche_048.jpg,39
train/Porsche/Porsche_030.jpg,39
train/Porsche/Porsche_045.jpg,39
train/Porsche/Porsche_076.jpg,39
train/Porsche/Porsche_079.jpg,39
train/Porsche/Porsche_029.jpg,39
train/Porsche/Porsche_085.jpg,39
train/Porsche/Porsche_020.jpg,39
train/Porsche/Porsche_023.jpg,39
train/Porsche/Porsche_024.jpg,39
train/Porsche/Porsche_068.jpg,39
train/Porsche/Porsche_012.jpg,39
train/Porsche/Porsche_019.jpg,39
train/Porsche/Porsche_088.jpg,39
train/Porsche/Porsche_069.jpg,39
train/Porsche/Porsche_084.jpg,39
train/Porsche/Porsche_083.jpg,39
train/Porsche/Porsche_036.jpg,39
train/Porsche/Porsche_087.jpg,39
train/Porsche/Porsche_038.jpg,39
train/Porsche/Porsche_007.jpg,39
train/Porsche/Porsche_037.jpg,39
train/Porsche/Porsche_016.jpg,39
train/Porsche/Porsche_071.jpg,39
train/Porsche/Porsche_003.jpg,39
train/Porsche/Porsche_035.jpg,39
train/Porsche/Porsche_011.jpg,39
train/Porsche/Porsche_002.jpg,39
train/Porsche/Porsche_049.jpg,39
train/Nissan/Nissan_048.jpg,35
train/Nissan/Nissan_045.jpg,35
train/Nissan/Nissan_042.jpg,35
train/Nissan/Nissan_056.jpg,35
train/Nissan/Nissan_019.jpg,35
train/Nissan/Nissan_077.jpg,35
train/Nissan/Nissan_059.jpg,35
train/Nissan/Nissan_027.jpg,35
train/Nissan/Nissan_073.jpg,35
train/Nissan/Nissan_005.jpg,35
train/Nissan/Nissan_061.jpg,35
train/Nissan/Nissan_067.jpg,35
train/Nissan/Nissan_021.jpg,35
train/Nissan/Nissan_063.jpg,35
train/Nissan/Nissan_020.jpg,35
train/Nissan/Nissan_072.jpg,35
train/Nissan/Nissan_028.jpg,35
train/Nissan/Nissan_022.jpg,35
train/Nissan/Nissan_036.jpg,35
train/Nissan/Nissan_069.jpg,35
train/Nissan/Nissan_034.jpg,35
train/Nissan/Nissan_068.jpg,35
train/Nissan/Nissan_023.jpg,35
train/Nissan/Nissan_044.jpg,35
train/Nissan/Nissan_040.jpg,35
train/Nissan/Nissan_058.jpg,35
train/Nissan/Nissan_024.jpg,35
train/Nissan/Nissan_054.jpg,35
train/Nissan/Nissan_076.jpg,35
train/Nissan/Nissan_038.jpg,35
train/Nissan/Nissan_009.jpg,35
train/Nissan/Nissan_066.jpg,35
train/Nissan/Nissan_001.jpg,35
train/Nissan/Nissan_032.jpg,35
train/Nissan/Nissan_013.jpg,35
train/Nissan/Nissan_047.jpg,35
train/Nissan/Nissan_078.jpg,35
train/Nissan/Nissan_014.jpg,35
train/Nissan/Nissan_043.jpg,35
train/Nissan/Nissan_084.jpg,35
train/Nissan/Nissan_075.jpg,35
train/Nissan/Nissan_035.jpg,35
train/Nissan/Nissan_029.jpg,35
train/Nissan/Nissan_003.jpg,35
train/Nissan/Nissan_082.jpg,35
train/Nissan/Nissan_018.jpg,35
train/Nissan/Nissan_007.jpg,35
train/Nissan/Nissan_000.jpg,35
train/Nissan/Nissan_062.jpg,35
train/Nissan/Nissan_086.jpg,35
train/Nissan/Nissan_055.jpg,35
train/Nissan/Nissan_049.jpg,35
train/Nissan/Nissan_070.jpg,35
train/Nissan/Nissan_025.jpg,35
train/Nissan/Nissan_065.jpg,35
train/Nissan/Nissan_050.jpg,35
train/Nissan/Nissan_011.jpg,35
train/Nissan/Nissan_004.jpg,35
train/Nissan/Nissan_041.jpg,35
train/Nissan/Nissan_010.jpg,35
train/Nissan/Nissan_033.jpg,35
train/Nissan/Nissan_083.jpg,35
train/Nissan/Nissan_046.jpg,35
train/Nissan/Nissan_079.jpg,35
train/Nissan/Nissan_017.jpg,35
train/Nissan/Nissan_030.jpg,35
train/Nissan/Nissan_008.jpg,35
train/Nissan/Nissan_026.jpg,35
train/Nissan/Nissan_016.jpg,35
train/Nissan/Nissan_057.jpg,35
train/Nissan/Nissan_039.jpg,35
train/Nissan/Nissan_060.jpg,35
train/Nissan/Nissan_006.jpg,35
train/Nissan/Nissan_002.jpg,35
train/Nissan/Nissan_052.jpg,35
train/Nissan/Nissan_051.jpg,35
train/Nissan/Nissan_085.jpg,35
train/Nissan/Nissan_053.jpg,35
train/Nissan/Nissan_081.jpg,35
train/Nissan/Nissan_064.jpg,35
train/Nissan/Nissan_080.jpg,35
train/Nissan/Nissan_031.jpg,35
train/Nissan/Nissan_074.jpg,35
train/Nissan/Nissan_071.jpg,35
train/Acura/Acura_002.jpg,0
train/Acura/Acura_015.jpg,0
train/Acura/Acura_028.jpg,0
train/Acura/Acura_025.jpg,0
train/Acura/Acura_087.jpg,0
train/Acura/Acura_017.jpg,0
train/Acura/Acura_041.jpg,0
train/Acura/Acura_033.jpg,0
train/Acura/Acura_052.jpg,0
train/Acura/Acura_064.jpg,0
train/Acura/Acura_072.jpg,0
train/Acura/Acura_016.jpg,0
train/Acura/Acura_080.jpg,0
train/Acura/Acura_040.jpg,0
train/Acura/Acura_089.jpg,0
train/Acura/Acura_057.jpg,0
train/Acura/Acura_045.jpg,0
train/Acura/Acura_067.jpg,0
train/Acura/Acura_008.jpg,0
train/Acura/Acura_027.jpg,0
train/Acura/Acura_086.jpg,0
train/Acura/Acura_047.jpg,0
train/Acura/Acura_056.jpg,0
train/Acura/Acura_049.jpg,0
train/Acura/Acura_062.jpg,0
train/Acura/Acura_004.jpg,0
train/Acura/Acura_076.jpg,0
train/Acura/Acura_070.jpg,0
train/Acura/Acura_073.jpg,0
train/Acura/Acura_077.jpg,0
train/Acura/Acura_088.jpg,0
train/Acura/Acura_081.jpg,0
train/Acura/Acura_078.jpg,0
train/Acura/Acura_068.jpg,0
train/Acura/Acura_065.jpg,0
train/Acura/Acura_042.jpg,0
train/Acura/Acura_069.jpg,0
train/Acura/Acura_074.jpg,0
train/Acura/Acura_053.jpg,0
train/Acura/Acura_066.jpg,0
train/Acura/Acura_003.jpg,0
train/Acura/Acura_037.jpg,0
train/Acura/Acura_032.jpg,0
train/Acura/Acura_011.jpg,0
train/Acura/Acura_054.jpg,0
train/Acura/Acura_018.jpg,0
train/Acura/Acura_029.jpg,0
train/Acura/Acura_051.jpg,0
train/Acura/Acura_030.jpg,0
train/Acura/Acura_063.jpg,0
train/Acura/Acura_038.jpg,0
train/Acura/Acura_014.jpg,0
train/Acura/Acura_005.jpg,0
train/Acura/Acura_009.jpg,0
train/Acura/Acura_085.jpg,0
train/Acura/Acura_024.jpg,0
train/Acura/Acura_013.jpg,0
train/Acura/Acura_010.jpg,0
train/Acura/Acura_050.jpg,0
train/Acura/Acura_012.jpg,0
train/Acura/Acura_059.jpg,0
train/Acura/Acura_048.jpg,0
train/Acura/Acura_023.jpg,0
train/Acura/Acura_061.jpg,0
train/Acura/Acura_022.jpg,0
train/Acura/Acura_007.jpg,0
train/Acura/Acura_019.jpg,0
train/Acura/Acura_075.jpg,0
train/Acura/Acura_058.jpg,0
train/Acura/Acura_006.jpg,0
train/Acura/Acura_046.jpg,0
train/Acura/Acura_000.jpg,0
train/Acura/Acura_079.jpg,0
train/Acura/Acura_055.jpg,0
train/Acura/Acura_036.jpg,0
train/Acura/Acura_035.jpg,0
train/Acura/Acura_034.jpg,0
train/Acura/Acura_083.jpg,0
train/Acura/Acura_060.jpg,0
train/Acura/Acura_039.jpg,0
train/Acura/Acura_031.jpg,0
train/Acura/Acura_084.jpg,0
train/Acura/Acura_021.jpg,0
train/Acura/Acura_001.jpg,0
train/Acura/Acura_026.jpg,0
train/Acura/Acura_071.jpg,0
train/Tesla/Tesla_023.jpg,46
train/Tesla/Tesla_061.jpg,46
train/Tesla/Tesla_062.jpg,46
train/Tesla/Tesla_012.jpg,46
train/Tesla/Tesla_050.jpg,46
train/Tesla/Tesla_038.jpg,46
train/Tesla/Tesla_031.jpg,46
train/Tesla/Tesla_089.jpg,46
train/Tesla/Tesla_056.jpg,46
train/Tesla/Tesla_087.jpg,46
train/Tesla/Tesla_020.jpg,46
train/Tesla/Tesla_051.jpg,46
train/Tesla/Tesla_052.jpg,46
train/Tesla/Tesla_071.jpg,46
train/Tesla/Tesla_006.jpg,46
train/Tesla/Tesla_026.jpg,46
train/Tesla/Tesla_059.jpg,46
train/Tesla/Tesla_000.jpg,46
train/Tesla/Tesla_041.jpg,46
train/Tesla/Tesla_029.jpg,46
train/Tesla/Tesla_082.jpg,46
train/Tesla/Tesla_049.jpg,46
train/Tesla/Tesla_008.jpg,46
train/Tesla/Tesla_039.jpg,46
train/Tesla/Tesla_001.jpg,46
train/Tesla/Tesla_064.jpg,46
train/Tesla/Tesla_010.jpg,46
train/Tesla/Tesla_021.jpg,46
train/Tesla/Tesla_045.jpg,46
train/Tesla/Tesla_067.jpg,46
train/Tesla/Tesla_035.jpg,46
train/Tesla/Tesla_018.jpg,46
train/Tesla/Tesla_015.jpg,46
train/Tesla/Tesla_005.jpg,46
train/Tesla/Tesla_057.jpg,46
train/Tesla/Tesla_044.jpg,46
train/Tesla/Tesla_032.jpg,46
train/Tesla/Tesla_046.jpg,46
train/Tesla/Tesla_042.jpg,46
train/Tesla/Tesla_043.jpg,46
train/Tesla/Tesla_011.jpg,46
train/Tesla/Tesla_040.jpg,46
train/Tesla/Tesla_037.jpg,46
train/Tesla/Tesla_074.jpg,46
train/Tesla/Tesla_007.jpg,46
train/Tesla/Tesla_048.jpg,46
train/Tesla/Tesla_066.jpg,46
train/Tesla/Tesla_063.jpg,46
train/Tesla/Tesla_017.jpg,46
train/Tesla/Tesla_091.jpg,46
train/Tesla/Tesla_034.jpg,46
train/Tesla/Tesla_088.jpg,46
train/Tesla/Tesla_013.jpg,46
train/Tesla/Tesla_060.jpg,46
train/Tesla/Tesla_081.jpg,46
train/Tesla/Tesla_022.jpg,46
train/Tesla/Tesla_073.jpg,46
train/Tesla/Tesla_070.jpg,46
train/Tesla/Tesla_083.jpg,46
train/Tesla/Tesla_004.jpg,46
train/Tesla/Tesla_080.jpg,46
train/Tesla/Tesla_036.jpg,46
train/Tesla/Tesla_086.jpg,46
train/Tesla/Tesla_072.jpg,46
train/Tesla/Tesla_030.jpg,46
train/Tesla/Tesla_055.jpg,46
train/Tesla/Tesla_077.jpg,46
train/Tesla/Tesla_019.jpg,46
train/Tesla/Tesla_028.jpg,46
train/Tesla/Tesla_003.jpg,46
train/Tesla/Tesla_002.jpg,46
train/Tesla/Tesla_090.jpg,46
train/Tesla/Tesla_024.jpg,46
train/Tesla/Tesla_054.jpg,46
train/Tesla/Tesla_047.jpg,46
train/Tesla/Tesla_014.jpg,46
train/Tesla/Tesla_084.jpg,46
train/Tesla/Tesla_078.jpg,46
train/Tesla/Tesla_076.jpg,46
train/Tesla/Tesla_058.jpg,46
train/Tesla/Tesla_085.jpg,46
train/Tesla/Tesla_065.jpg,46
train/Tesla/Tesla_079.jpg,46
train/Tesla/Tesla_016.jpg,46
train/Tesla/Tesla_033.jpg,46
train/Tesla/Tesla_053.jpg,46
train/Tesla/Tesla_009.jpg,46
train/Tesla/Tesla_025.jpg,46
train/Lexus/Lexus_016.jpg,27
train/Lexus/Lexus_005.jpg,27
train/Lexus/Lexus_077.jpg,27
train/Lexus/Lexus_023.jpg,27
train/Lexus/Lexus_049.jpg,27
train/Lexus/Lexus_001.jpg,27
train/Lexus/Lexus_062.jpg,27
train/Lexus/Lexus_017.jpg,27
train/Lexus/Lexus_081.jpg,27
train/Lexus/Lexus_083.jpg,27
train/Lexus/Lexus_056.jpg,27
train/Lexus/Lexus_003.jpg,27
train/Lexus/Lexus_014.jpg,27
train/Lexus/Lexus_039.jpg,27
train/Lexus/Lexus_048.jpg,27
train/Lexus/Lexus_031.jpg,27
train/Lexus/Lexus_033.jpg,27
train/Lexus/Lexus_041.jpg,27
train/Lexus/Lexus_008.jpg,27
train/Lexus/Lexus_063.jpg,27
train/Lexus/Lexus_053.jpg,27
train/Lexus/Lexus_078.jpg,27
train/Lexus/Lexus_075.jpg,27
train/Lexus/Lexus_040.jpg,27
train/Lexus/Lexus_038.jpg,27
train/Lexus/Lexus_013.jpg,27
train/Lexus/Lexus_055.jpg,27
train/Lexus/Lexus_009.jpg,27
train/Lexus/Lexus_012.jpg,27
train/Lexus/Lexus_057.jpg,27
train/Lexus/Lexus_035.jpg,27
train/Lexus/Lexus_067.jpg,27
train/Lexus/Lexus_024.jpg,27
train/Lexus/Lexus_010.jpg,27
train/Lexus/Lexus_051.jpg,27
train/Lexus/Lexus_070.jpg,27
train/Lexus/Lexus_066.jpg,27
train/Lexus/Lexus_028.jpg,27
train/Lexus/Lexus_060.jpg,27
train/Lexus/Lexus_076.jpg,27
train/Lexus/Lexus_079.jpg,27
train/Lexus/Lexus_022.jpg,27
train/Lexus/Lexus_025.jpg,27
train/Lexus/Lexus_042.jpg,27
train/Lexus/Lexus_043.jpg,27
train/Lexus/Lexus_032.jpg,27
train/Lexus/Lexus_018.jpg,27
train/Lexus/Lexus_050.jpg,27
train/Lexus/Lexus_065.jpg,27
train/Lexus/Lexus_011.jpg,27
train/Lexus/Lexus_080.jpg,27
train/Lexus/Lexus_000.jpg,27
train/Lexus/Lexus_082.jpg,27
train/Lexus/Lexus_029.jpg,27
train/Lexus/Lexus_044.jpg,27
train/Lexus/Lexus_073.jpg,27
train/Lexus/Lexus_037.jpg,27
train/Lexus/Lexus_036.jpg,27
train/Lexus/Lexus_059.jpg,27
train/Lexus/Lexus_002.jpg,27
train/Lexus/Lexus_058.jpg,27
train/Lexus/Lexus_047.jpg,27
train/Lexus/Lexus_072.jpg,27
train/Lexus/Lexus_004.jpg,27
train/Lexus/Lexus_052.jpg,27
train/Lexus/Lexus_046.jpg,27
train/Lexus/Lexus_020.jpg,27
train/Lexus/Lexus_026.jpg,27
train/Lexus/Lexus_006.jpg,27
train/Lexus/Lexus_007.jpg,27
train/Lexus/Lexus_061.jpg,27
train/Lexus/Lexus_034.jpg,27
train/Lexus/Lexus_068.jpg,27
train/Lexus/Lexus_027.jpg,27
train/Lexus/Lexus_054.jpg,27
train/Lexus/Lexus_030.jpg,27
train/Lexus/Lexus_074.jpg,27
train/Lexus/Lexus_045.jpg,27
train/Lexus/Lexus_071.jpg,27
train/Lexus/Lexus_064.jpg,27
train/Chrysler/Chrysler_012.jpg,10
train/Chrysler/Chrysler_084.jpg,10
train/Chrysler/Chrysler_086.jpg,10
train/Chrysler/Chrysler_077.jpg,10
train/Chrysler/Chrysler_072.jpg,10
train/Chrysler/Chrysler_068.jpg,10
train/Chrysler/Chrysler_008.jpg,10
train/Chrysler/Chrysler_019.jpg,10
train/Chrysler/Chrysler_031.jpg,10
train/Chrysler/Chrysler_073.jpg,10
train/Chrysler/Chrysler_083.jpg,10
train/Chrysler/Chrysler_023.jpg,10
train/Chrysler/Chrysler_018.jpg,10
train/Chrysler/Chrysler_045.jpg,10
train/Chrysler/Chrysler_025.jpg,10
train/Chrysler/Chrysler_087.jpg,10
train/Chrysler/Chrysler_060.jpg,10
train/Chrysler/Chrysler_022.jpg,10
train/Chrysler/Chrysler_052.jpg,10
train/Chrysler/Chrysler_049.jpg,10
train/Chrysler/Chrysler_003.jpg,10
train/Chrysler/Chrysler_039.jpg,10
train/Chrysler/Chrysler_010.jpg,10
train/Chrysler/Chrysler_081.jpg,10
train/Chrysler/Chrysler_066.jpg,10
train/Chrysler/Chrysler_032.jpg,10
train/Chrysler/Chrysler_042.jpg,10
train/Chrysler/Chrysler_047.jpg,10
train/Chrysler/Chrysler_024.jpg,10
train/Chrysler/Chrysler_029.jpg,10
train/Chrysler/Chrysler_057.jpg,10
train/Chrysler/Chrysler_000.jpg,10
train/Chrysler/Chrysler_006.jpg,10
train/Chrysler/Chrysler_040.jpg,10
train/Chrysler/Chrysler_085.jpg,10
train/Chrysler/Chrysler_044.jpg,10
train/Chrysler/Chrysler_043.jpg,10
train/Chrysler/Chrysler_088.jpg,10
train/Chrysler/Chrysler_061.jpg,10
train/Chrysler/Chrysler_069.jpg,10
train/Chrysler/Chrysler_007.jpg,10
train/Chrysler/Chrysler_056.jpg,10
train/Chrysler/Chrysler_062.jpg,10
train/Chrysler/Chrysler_028.jpg,10
train/Chrysler/Chrysler_063.jpg,10
train/Chrysler/Chrysler_051.jpg,10
train/Chrysler/Chrysler_026.jpg,10
train/Chrysler/Chrysler_034.jpg,10
train/Chrysler/Chrysler_065.jpg,10
train/Chrysler/Chrysler_014.jpg,10
train/Chrysler/Chrysler_075.jpg,10
train/Chrysler/Chrysler_038.jpg,10
train/Chrysler/Chrysler_055.jpg,10
train/Chrysler/Chrysler_021.jpg,10
train/Chrysler/Chrysler_071.jpg,10
train/Chrysler/Chrysler_050.jpg,10
train/Chrysler/Chrysler_048.jpg,10
train/Chrysler/Chrysler_020.jpg,10
train/Chrysler/Chrysler_046.jpg,10
train/Chrysler/Chrysler_027.jpg,10
train/Chrysler/Chrysler_059.jpg,10
train/Chrysler/Chrysler_005.jpg,10
train/Chrysler/Chrysler_030.jpg,10
train/Chrysler/Chrysler_001.jpg,10
train/Chrysler/Chrysler_041.jpg,10
train/Chrysler/Chrysler_011.jpg,10
train/Chrysler/Chrysler_002.jpg,10
train/Chrysler/Chrysler_013.jpg,10
train/Chrysler/Chrysler_067.jpg,10
train/Chrysler/Chrysler_036.jpg,10
train/Chrysler/Chrysler_017.jpg,10
train/Chrysler/Chrysler_058.jpg,10
train/Chrysler/Chrysler_037.jpg,10
train/Chrysler/Chrysler_070.jpg,10
train/Chrysler/Chrysler_064.jpg,10
train/Chrysler/Chrysler_074.jpg,10
train/Chrysler/Chrysler_076.jpg,10
train/Chrysler/Chrysler_053.jpg,10
train/Chrysler/Chrysler_033.jpg,10
train/Chrysler/Chrysler_078.jpg,10
train/Chrysler/Chrysler_035.jpg,10
train/Chrysler/Chrysler_080.jpg,10
train/Chrysler/Chrysler_079.jpg,10
train/Chrysler/Chrysler_015.jpg,10
train/Chrysler/Chrysler_082.jpg,10
train/MG/MG_067.jpg,32
train/MG/MG_106.jpg,32
train/MG/MG_045.jpg,32
train/MG/MG_100.jpg,32
train/MG/MG_034.jpg,32
train/MG/MG_053.jpg,32
train/MG/MG_084.jpg,32
train/MG/MG_103.jpg,32
train/MG/MG_018.jpg,32
train/MG/MG_071.jpg,32
train/MG/MG_016.jpg,32
train/MG/MG_080.jpg,32
train/MG/MG_031.jpg,32
train/MG/MG_125.jpg,32
train/MG/MG_070.jpg,32
train/MG/MG_082.jpg,32
train/MG/MG_061.jpg,32
train/MG/MG_105.jpg,32
train/MG/MG_107.jpg,32
train/MG/MG_027.jpg,32
train/MG/MG_076.jpg,32
train/MG/MG_115.jpg,32
train/MG/MG_108.jpg,32
train/MG/MG_047.jpg,32
train/MG/MG_132.jpg,32
train/MG/MG_013.jpg,32
train/MG/MG_043.jpg,32
train/MG/MG_063.jpg,32
train/MG/MG_088.jpg,32
train/MG/MG_059.jpg,32
train/MG/MG_051.jpg,32
train/MG/MG_036.jpg,32
train/MG/MG_006.jpg,32
train/MG/MG_062.jpg,32
train/MG/MG_095.jpg,32
train/MG/MG_020.jpg,32
train/MG/MG_022.jpg,32
train/MG/MG_003.jpg,32
train/MG/MG_038.jpg,32
train/MG/MG_085.jpg,32
train/MG/MG_086.jpg,32
train/MG/MG_000.jpg,32
train/MG/MG_064.jpg,32
train/MG/MG_096.jpg,32
train/MG/MG_004.jpg,32
train/MG/MG_091.jpg,32
train/MG/MG_129.jpg,32
train/MG/MG_109.jpg,32
train/MG/MG_021.jpg,32
train/MG/MG_123.jpg,32
train/MG/MG_083.jpg,32
train/MG/MG_090.jpg,32
train/MG/MG_072.jpg,32
train/MG/MG_122.jpg,32
train/MG/MG_057.jpg,32
train/MG/MG_046.jpg,32
train/MG/MG_077.jpg,32
train/MG/MG_002.jpg,32
train/MG/MG_039.jpg,32
train/MG/MG_042.jpg,32
train/MG/MG_014.jpg,32
train/MG/MG_035.jpg,32
train/MG/MG_098.jpg,32
train/MG/MG_044.jpg,32
train/MG/MG_033.jpg,32
train/MG/MG_001.jpg,32
train/MG/MG_089.jpg,32
train/MG/MG_012.jpg,32
train/MG/MG_028.jpg,32
train/MG/MG_065.jpg,32
train/MG/MG_104.jpg,32
train/MG/MG_054.jpg,32
train/MG/MG_111.jpg,32
train/MG/MG_127.jpg,32
train/MG/MG_110.jpg,32
train/MG/MG_120.jpg,32
train/MG/MG_023.jpg,32
train/MG/MG_081.jpg,32
train/MG/MG_032.jpg,32
train/MG/MG_068.jpg,32
train/MG/MG_041.jpg,32
train/MG/MG_015.jpg,32
train/MG/MG_119.jpg,32
train/MG/MG_097.jpg,32
train/MG/MG_007.jpg,32
train/MG/MG_128.jpg,32
train/MG/MG_113.jpg,32
train/MG/MG_136.jpg,32
train/MG/MG_114.jpg,32
train/MG/MG_121.jpg,32
train/MG/MG_135.jpg,32
train/MG/MG_133.jpg,32
train/MG/MG_025.jpg,32
train/MG/MG_087.jpg,32
train/MG/MG_124.jpg,32
train/MG/MG_130.jpg,32
train/MG/MG_117.jpg,32
train/MG/MG_011.jpg,32
train/MG/MG_066.jpg,32
train/MG/MG_030.jpg,32
train/MG/MG_078.jpg,32
train/MG/MG_092.jpg,32
train/MG/MG_024.jpg,32
train/MG/MG_074.jpg,32
train/MG/MG_134.jpg,32
train/MG/MG_118.jpg,32
train/MG/MG_102.jpg,32
train/MG/MG_026.jpg,32
train/MG/MG_069.jpg,32
train/MG/MG_060.jpg,32
train/MG/MG_005.jpg,32
train/MG/MG_052.jpg,32
train/MG/MG_101.jpg,32
train/MG/MG_037.jpg,32
train/MG/MG_058.jpg,32
train/MG/MG_116.jpg,32
train/MG/MG_056.jpg,32
train/MG/MG_055.jpg,32
train/MG/MG_029.jpg,32
train/MG/MG_050.jpg,32
train/MG/MG_049.jpg,32
train/MG/MG_017.jpg,32
train/MG/MG_137.jpg,32
train/MG/MG_099.jpg,32
train/MG/MG_079.jpg,32
train/MG/MG_009.jpg,32
train/MG/MG_048.jpg,32
train/MG/MG_073.jpg,32
train/MG/MG_126.jpg,32
train/MG/MG_008.jpg,32
train/MG/MG_040.jpg,32
train/MG/MG_019.jpg,32
train/MG/MG_010.jpg,32
train/MG/MG_131.jpg,32
train/Jaguar/Jaguar_045.jpg,23
train/Jaguar/Jaguar_005.jpg,23
train/Jaguar/Jaguar_051.jpg,23
train/Jaguar/Jaguar_013.jpg,23
train/Jaguar/Jaguar_083.jpg,23
train/Jaguar/Jaguar_047.jpg,23
train/Jaguar/Jaguar_043.jpg,23
train/Jaguar/Jaguar_025.jpg,23
train/Jaguar/Jaguar_053.jpg,23
train/Jaguar/Jaguar_049.jpg,23
train/Jaguar/Jaguar_070.jpg,23
train/Jaguar/Jaguar_000.jpg,23
train/Jaguar/Jaguar_012.jpg,23
train/Jaguar/Jaguar_017.jpg,23
train/Jaguar/Jaguar_030.jpg,23
train/Jaguar/Jaguar_068.jpg,23
train/Jaguar/Jaguar_001.jpg,23
train/Jaguar/Jaguar_082.jpg,23
train/Jaguar/Jaguar_091.jpg,23
train/Jaguar/Jaguar_073.jpg,23
train/Jaguar/Jaguar_084.jpg,23
train/Jaguar/Jaguar_041.jpg,23
train/Jaguar/Jaguar_057.jpg,23
train/Jaguar/Jaguar_035.jpg,23
train/Jaguar/Jaguar_040.jpg,23
train/Jaguar/Jaguar_062.jpg,23
train/Jaguar/Jaguar_003.jpg,23
train/Jaguar/Jaguar_075.jpg,23
train/Jaguar/Jaguar_004.jpg,23
train/Jaguar/Jaguar_059.jpg,23
train/Jaguar/Jaguar_048.jpg,23
train/Jaguar/Jaguar_038.jpg,23
train/Jaguar/Jaguar_081.jpg,23
train/Jaguar/Jaguar_087.jpg,23
train/Jaguar/Jaguar_078.jpg,23
train/Jaguar/Jaguar_072.jpg,23
train/Jaguar/Jaguar_094.jpg,23
train/Jaguar/Jaguar_021.jpg,23
train/Jaguar/Jaguar_022.jpg,23
train/Jaguar/Jaguar_006.jpg,23
train/Jaguar/Jaguar_064.jpg,23
train/Jaguar/Jaguar_031.jpg,23
train/Jaguar/Jaguar_085.jpg,23
train/Jaguar/Jaguar_089.jpg,23
train/Jaguar/Jaguar_061.jpg,23
train/Jaguar/Jaguar_076.jpg,23
train/Jaguar/Jaguar_054.jpg,23
train/Jaguar/Jaguar_042.jpg,23
train/Jaguar/Jaguar_018.jpg,23
train/Jaguar/Jaguar_063.jpg,23
train/Jaguar/Jaguar_011.jpg,23
train/Jaguar/Jaguar_088.jpg,23
train/Jaguar/Jaguar_008.jpg,23
train/Jaguar/Jaguar_067.jpg,23
train/Jaguar/Jaguar_024.jpg,23
train/Jaguar/Jaguar_015.jpg,23
train/Jaguar/Jaguar_023.jpg,23
train/Jaguar/Jaguar_028.jpg,23
train/Jaguar/Jaguar_080.jpg,23
train/Jaguar/Jaguar_074.jpg,23
train/Jaguar/Jaguar_066.jpg,23
train/Jaguar/Jaguar_033.jpg,23
train/Jaguar/Jaguar_093.jpg,23
train/Jaguar/Jaguar_020.jpg,23
train/Jaguar/Jaguar_090.jpg,23
train/Jaguar/Jaguar_036.jpg,23
train/Jaguar/Jaguar_060.jpg,23
train/Jaguar/Jaguar_029.jpg,23
train/Jaguar/Jaguar_032.jpg,23
train/Jaguar/Jaguar_007.jpg,23
train/Jaguar/Jaguar_086.jpg,23
train/Jaguar/Jaguar_077.jpg,23
train/Jaguar/Jaguar_052.jpg,23
train/Jaguar/Jaguar_039.jpg,23
train/Jaguar/Jaguar_034.jpg,23
train/Jaguar/Jaguar_079.jpg,23
train/Jaguar/Jaguar_019.jpg,23
train/Jaguar/Jaguar_016.jpg,23
train/Jaguar/Jaguar_044.jpg,23
train/Jaguar/Jaguar_050.jpg,23
train/Jaguar/Jaguar_026.jpg,23
train/Jaguar/Jaguar_010.jpg,23
train/Jaguar/Jaguar_092.jpg,23
train/Jaguar/Jaguar_027.jpg,23
train/Jaguar/Jaguar_056.jpg,23
train/Jaguar/Jaguar_069.jpg,23
train/Jaguar/Jaguar_002.jpg,23
train/Jaguar/Jaguar_009.jpg,23
train/Jaguar/Jaguar_046.jpg,23
train/Jaguar/Jaguar_055.jpg,23
train/Jaguar/Jaguar_014.jpg,23
train/Jeep/Jeep_040.jpg,24
train/Jeep/Jeep_015.jpg,24
train/Jeep/Jeep_078.jpg,24
train/Jeep/Jeep_086.jpg,24
train/Jeep/Jeep_071.jpg,24
train/Jeep/Jeep_076.jpg,24
train/Jeep/Jeep_020.jpg,24
train/Jeep/Jeep_024.jpg,24
train/Jeep/Jeep_035.jpg,24
train/Jeep/Jeep_085.jpg,24
train/Jeep/Jeep_000.jpg,24
train/Jeep/Jeep_034.jpg,24
train/Jeep/Jeep_017.jpg,24
train/Jeep/Jeep_049.jpg,24
train/Jeep/Jeep_001.jpg,24
train/Jeep/Jeep_019.jpg,24
train/Jeep/Jeep_030.jpg,24
train/Jeep/Jeep_018.jpg,24
train/Jeep/Jeep_044.jpg,24
train/Jeep/Jeep_016.jpg,24
train/Jeep/Jeep_056.jpg,24
train/Jeep/Jeep_008.jpg,24
train/Jeep/Jeep_067.jpg,24
train/Jeep/Jeep_046.jpg,24
train/Jeep/Jeep_073.jpg,24
train/Jeep/Jeep_070.jpg,24
train/Jeep/Jeep_055.jpg,24
train/Jeep/Jeep_062.jpg,24
train/Jeep/Jeep_021.jpg,24
train/Jeep/Jeep_047.jpg,24
train/Jeep/Jeep_014.jpg,24
train/Jeep/Jeep_025.jpg,24
train/Jeep/Jeep_059.jpg,24
train/Jeep/Jeep_069.jpg,24
train/Jeep/Jeep_045.jpg,24
train/Jeep/Jeep_068.jpg,24
train/Jeep/Jeep_084.jpg,24
train/Jeep/Jeep_029.jpg,24
train/Jeep/Jeep_064.jpg,24
train/Jeep/Jeep_038.jpg,24
train/Jeep/Jeep_003.jpg,24
train/Jeep/Jeep_028.jpg,24
train/Jeep/Jeep_004.jpg,24
train/Jeep/Jeep_031.jpg,24
train/Jeep/Jeep_007.jpg,24
train/Jeep/Jeep_022.jpg,24
train/Jeep/Jeep_048.jpg,24
train/Jeep/Jeep_066.jpg,24
train/Jeep/Jeep_087.jpg,24
train/Jeep/Jeep_012.jpg,24
train/Jeep/Jeep_060.jpg,24
train/Jeep/Jeep_072.jpg,24
train/Jeep/Jeep_026.jpg,24
train/Jeep/Jeep_037.jpg,24
train/Jeep/Jeep_013.jpg,24
train/Jeep/Jeep_053.jpg,24
train/Jeep/Jeep_033.jpg,24
train/Jeep/Jeep_058.jpg,24
train/Jeep/Jeep_011.jpg,24
train/Jeep/Jeep_051.jpg,24
train/Jeep/Jeep_039.jpg,24
train/Jeep/Jeep_079.jpg,24
train/Jeep/Jeep_054.jpg,24
train/Jeep/Jeep_043.jpg,24
train/Jeep/Jeep_010.jpg,24
train/Jeep/Jeep_080.jpg,24
train/Jeep/Jeep_083.jpg,24
train/Jeep/Jeep_009.jpg,24
train/Jeep/Jeep_032.jpg,24
train/Jeep/Jeep_065.jpg,24
train/Jeep/Jeep_074.jpg,24
train/Jeep/Jeep_027.jpg,24
train/Jeep/Jeep_057.jpg,24
train/Jeep/Jeep_081.jpg,24
train/Jeep/Jeep_063.jpg,24
train/Jeep/Jeep_036.jpg,24
train/Jeep/Jeep_041.jpg,24
train/Jeep/Jeep_050.jpg,24
train/Jeep/Jeep_042.jpg,24
train/Jeep/Jeep_077.jpg,24
train/Jeep/Jeep_002.jpg,24
train/Jeep/Jeep_075.jpg,24
train/Jeep/Jeep_006.jpg,24
train/Jeep/Jeep_061.jpg,24
train/Citroen/Citroen_008.jpg,11
train/Citroen/Citroen_037.jpg,11
train/Citroen/Citroen_047.jpg,11
train/Citroen/Citroen_061.jpg,11
train/Citroen/Citroen_055.jpg,11
train/Citroen/Citroen_073.jpg,11
train/Citroen/Citroen_075.jpg,11
train/Citroen/Citroen_010.jpg,11
train/Citroen/Citroen_049.jpg,11
train/Citroen/Citroen_046.jpg,11
train/Citroen/Citroen_090.jpg,11
train/Citroen/Citroen_031.jpg,11
train/Citroen/Citroen_085.jpg,11
train/Citroen/Citroen_062.jpg,11
train/Citroen/Citroen_084.jpg,11
train/Citroen/Citroen_088.jpg,11
train/Citroen/Citroen_026.jpg,11
train/Citroen/Citroen_077.jpg,11
train/Citroen/Citroen_004.jpg,11
train/Citroen/Citroen_054.jpg,11
train/Citroen/Citroen_024.jpg,11
train/Citroen/Citroen_086.jpg,11
train/Citroen/Citroen_013.jpg,11
train/Citroen/Citroen_072.jpg,11
train/Citroen/Citroen_016.jpg,11
train/Citroen/Citroen_022.jpg,11
train/Citroen/Citroen_042.jpg,11
train/Citroen/Citroen_040.jpg,11
train/Citroen/Citroen_076.jpg,11
train/Citroen/Citroen_083.jpg,11
train/Citroen/Citroen_002.jpg,11
train/Citroen/Citroen_043.jpg,11
train/Citroen/Citroen_007.jpg,11
train/Citroen/Citroen_033.jpg,11
train/Citroen/Citroen_071.jpg,11
train/Citroen/Citroen_015.jpg,11
train/Citroen/Citroen_081.jpg,11
train/Citroen/Citroen_082.jpg,11
train/Citroen/Citroen_050.jpg,11
train/Citroen/Citroen_078.jpg,11
train/Citroen/Citroen_069.jpg,11
train/Citroen/Citroen_052.jpg,11
train/Citroen/Citroen_035.jpg,11
train/Citroen/Citroen_018.jpg,11
train/Citroen/Citroen_019.jpg,11
train/Citroen/Citroen_079.jpg,11
train/Citroen/Citroen_028.jpg,11
train/Citroen/Citroen_066.jpg,11
train/Citroen/Citroen_058.jpg,11
train/Citroen/Citroen_017.jpg,11
train/Citroen/Citroen_060.jpg,11
train/Citroen/Citroen_044.jpg,11
train/Citroen/Citroen_025.jpg,11
train/Citroen/Citroen_065.jpg,11
train/Citroen/Citroen_070.jpg,11
train/Citroen/Citroen_011.jpg,11
train/Citroen/Citroen_087.jpg,11
train/Citroen/Citroen_074.jpg,11
train/Citroen/Citroen_020.jpg,11
train/Citroen/Citroen_038.jpg,11
train/Citroen/Citroen_014.jpg,11
train/Citroen/Citroen_056.jpg,11
train/Citroen/Citroen_036.jpg,11
train/Citroen/Citroen_067.jpg,11
train/Citroen/Citroen_039.jpg,11
train/Citroen/Citroen_003.jpg,11
train/Citroen/Citroen_012.jpg,11
train/Citroen/Citroen_006.jpg,11
train/Citroen/Citroen_048.jpg,11
train/Citroen/Citroen_027.jpg,11
train/Citroen/Citroen_000.jpg,11
train/Citroen/Citroen_041.jpg,11
train/Citroen/Citroen_057.jpg,11
train/Citroen/Citroen_053.jpg,11
train/Citroen/Citroen_080.jpg,11
train/Citroen/Citroen_051.jpg,11
train/Citroen/Citroen_001.jpg,11
train/Citroen/Citroen_029.jpg,11
train/Citroen/Citroen_021.jpg,11
train/Citroen/Citroen_005.jpg,11
train/Citroen/Citroen_009.jpg,11
train/Citroen/Citroen_034.jpg,11
train/Citroen/Citroen_068.jpg,11
train/Citroen/Citroen_030.jpg,11
train/Citroen/Citroen_063.jpg,11
train/Citroen/Citroen_064.jpg,11
train/Citroen/Citroen_023.jpg,11
train/Ford/Ford_065.jpg,16
train/Ford/Ford_083.jpg,16
train/Ford/Ford_079.jpg,16
train/Ford/Ford_014.jpg,16
train/Ford/Ford_018.jpg,16
train/Ford/Ford_057.jpg,16
train/Ford/Ford_010.jpg,16
train/Ford/Ford_080.jpg,16
train/Ford/Ford_047.jpg,16
train/Ford/Ford_072.jpg,16
train/Ford/Ford_085.jpg,16
train/Ford/Ford_008.jpg,16
train/Ford/Ford_029.jpg,16
train/Ford/Ford_070.jpg,16
train/Ford/Ford_012.jpg,16
train/Ford/Ford_024.jpg,16
train/Ford/Ford_076.jpg,16
train/Ford/Ford_003.jpg,16
train/Ford/Ford_055.jpg,16
train/Ford/Ford_052.jpg,16
train/Ford/Ford_054.jpg,16
train/Ford/Ford_011.jpg,16
train/Ford/Ford_058.jpg,16
train/Ford/Ford_062.jpg,16
train/Ford/Ford_086.jpg,16
train/Ford/Ford_084.jpg,16
train/Ford/Ford_025.jpg,16
train/Ford/Ford_061.jpg,16
train/Ford/Ford_064.jpg,16
train/Ford/Ford_037.jpg,16
train/Ford/Ford_032.jpg,16
train/Ford/Ford_088.jpg,16
train/Ford/Ford_023.jpg,16
train/Ford/Ford_006.jpg,16
train/Ford/Ford_009.jpg,16
train/Ford/Ford_004.jpg,16
train/Ford/Ford_005.jpg,16
train/Ford/Ford_042.jpg,16
train/Ford/Ford_021.jpg,16
train/Ford/Ford_078.jpg,16
train/Ford/Ford_066.jpg,16
train/Ford/Ford_036.jpg,16
train/Ford/Ford_082.jpg,16
train/Ford/Ford_001.jpg,16
train/Ford/Ford_039.jpg,16
train/Ford/Ford_020.jpg,16
train/Ford/Ford_069.jpg,16
train/Ford/Ford_068.jpg,16
train/Ford/Ford_087.jpg,16
train/Ford/Ford_044.jpg,16
train/Ford/Ford_030.jpg,16
train/Ford/Ford_033.jpg,16
train/Ford/Ford_053.jpg,16
train/Ford/Ford_049.jpg,16
train/Ford/Ford_051.jpg,16
train/Ford/Ford_019.jpg,16
train/Ford/Ford_041.jpg,16
train/Ford/Ford_016.jpg,16
train/Ford/Ford_031.jpg,16
train/Ford/Ford_073.jpg,16
train/Ford/Ford_043.jpg,16
train/Ford/Ford_015.jpg,16
train/Ford/Ford_000.jpg,16
train/Ford/Ford_067.jpg,16
train/Ford/Ford_056.jpg,16
train/Ford/Ford_040.jpg,16
train/Ford/Ford_038.jpg,16
train/Ford/Ford_013.jpg,16
train/Ford/Ford_028.jpg,16
train/Ford/Ford_002.jpg,16
train/Ford/Ford_060.jpg,16
train/Ford/Ford_046.jpg,16
train/Ford/Ford_048.jpg,16
train/Ford/Ford_074.jpg,16
train/Ford/Ford_026.jpg,16
train/Ford/Ford_022.jpg,16
train/Ford/Ford_059.jpg,16
train/Ford/Ford_034.jpg,16
train/Ford/Ford_063.jpg,16
train/Ford/Ford_075.jpg,16
train/Ford/Ford_045.jpg,16
train/Ford/Ford_071.jpg,16
train/Ford/Ford_035.jpg,16
train/Ford/Ford_050.jpg,16
train/Ford/Ford_077.jpg,16
train/Honda/Honda_051.jpg,19
train/Honda/Honda_022.jpg,19
train/Honda/Honda_064.jpg,19
train/Honda/Honda_063.jpg,19
train/Honda/Honda_016.jpg,19
train/Honda/Honda_045.jpg,19
train/Honda/Honda_032.jpg,19
train/Honda/Honda_056.jpg,19
train/Honda/Honda_039.jpg,19
train/Honda/Honda_083.jpg,19
train/Honda/Honda_072.jpg,19
train/Honda/Honda_050.jpg,19
train/Honda/Honda_058.jpg,19
train/Honda/Honda_017.jpg,19
train/Honda/Honda_040.jpg,19
train/Honda/Honda_044.jpg,19
train/Honda/Honda_015.jpg,19
train/Honda/Honda_082.jpg,19
train/Honda/Honda_038.jpg,19
train/Honda/Honda_006.jpg,19
train/Honda/Honda_012.jpg,19
train/Honda/Honda_007.jpg,19
train/Honda/Honda_052.jpg,19
train/Honda/Honda_074.jpg,19
train/Honda/Honda_014.jpg,19
train/Honda/Honda_028.jpg,19
train/Honda/Honda_026.jpg,19
train/Honda/Honda_075.jpg,19
train/Honda/Honda_068.jpg,19
train/Honda/Honda_013.jpg,19
train/Honda/Honda_005.jpg,19
train/Honda/Honda_067.jpg,19
train/Honda/Honda_048.jpg,19
train/Honda/Honda_049.jpg,19
train/Honda/Honda_043.jpg,19
train/Honda/Honda_070.jpg,19
train/Honda/Honda_054.jpg,19
train/Honda/Honda_057.jpg,19
train/Honda/Honda_065.jpg,19
train/Honda/Honda_069.jpg,19
train/Honda/Honda_077.jpg,19
train/Honda/Honda_059.jpg,19
train/Honda/Honda_023.jpg,19
train/Honda/Honda_008.jpg,19
train/Honda/Honda_030.jpg,19
train/Honda/Honda_035.jpg,19
train/Honda/Honda_010.jpg,19
train/Honda/Honda_086.jpg,19
train/Honda/Honda_071.jpg,19
train/Honda/Honda_018.jpg,19
train/Honda/Honda_037.jpg,19
train/Honda/Honda_003.jpg,19
train/Honda/Honda_000.jpg,19
train/Honda/Honda_001.jpg,19
train/Honda/Honda_002.jpg,19
train/Honda/Honda_080.jpg,19
train/Honda/Honda_034.jpg,19
train/Honda/Honda_047.jpg,19
train/Honda/Honda_009.jpg,19
train/Honda/Honda_081.jpg,19
train/Honda/Honda_078.jpg,19
train/Honda/Honda_053.jpg,19
train/Honda/Honda_011.jpg,19
train/Honda/Honda_055.jpg,19
train/Honda/Honda_076.jpg,19
train/Honda/Honda_085.jpg,19
train/Honda/Honda_073.jpg,19
train/Honda/Honda_029.jpg,19
train/Honda/Honda_042.jpg,19
train/Honda/Honda_031.jpg,19
train/Honda/Honda_088.jpg,19
train/Honda/Honda_084.jpg,19
train/Honda/Honda_020.jpg,19
train/Honda/Honda_079.jpg,19
train/Honda/Honda_087.jpg,19
train/Honda/Honda_062.jpg,19
train/Honda/Honda_004.jpg,19
train/Honda/Honda_036.jpg,19
train/Honda/Honda_019.jpg,19
train/Honda/Honda_041.jpg,19
train/Honda/Honda_066.jpg,19
train/Honda/Honda_027.jpg,19
train/Honda/Honda_025.jpg,19
train/Honda/Honda_046.jpg,19
train/Honda/Honda_061.jpg,19
train/Honda/Honda_021.jpg,19
train/Hudson/Hudson_094.jpg,20
train/Hudson/Hudson_098.jpg,20
train/Hudson/Hudson_043.jpg,20
train/Hudson/Hudson_030.jpg,20
train/Hudson/Hudson_041.jpg,20
train/Hudson/Hudson_085.jpg,20
train/Hudson/Hudson_021.jpg,20
train/Hudson/Hudson_036.jpg,20
train/Hudson/Hudson_003.jpg,20
train/Hudson/Hudson_042.jpg,20
train/Hudson/Hudson_090.jpg,20
train/Hudson/Hudson_082.jpg,20
train/Hudson/Hudson_099.jpg,20
train/Hudson/Hudson_023.jpg,20
train/Hudson/Hudson_034.jpg,20
train/Hudson/Hudson_064.jpg,20
train/Hudson/Hudson_069.jpg,20
train/Hudson/Hudson_006.jpg,20
train/Hudson/Hudson_039.jpg,20
train/Hudson/Hudson_088.jpg,20
train/Hudson/Hudson_024.jpg,20
train/Hudson/Hudson_014.jpg,20
train/Hudson/Hudson_038.jpg,20
train/Hudson/Hudson_046.jpg,20
train/Hudson/Hudson_057.jpg,20
train/Hudson/Hudson_100.jpg,20
train/Hudson/Hudson_081.jpg,20
train/Hudson/Hudson_053.jpg,20
train/Hudson/Hudson_025.jpg,20
train/Hudson/Hudson_017.jpg,20
train/Hudson/Hudson_019.jpg,20
train/Hudson/Hudson_093.jpg,20
train/Hudson/Hudson_008.jpg,20
train/Hudson/Hudson_065.jpg,20
train/Hudson/Hudson_009.jpg,20
train/Hudson/Hudson_079.jpg,20
train/Hudson/Hudson_032.jpg,20
train/Hudson/Hudson_078.jpg,20
train/Hudson/Hudson_029.jpg,20
train/Hudson/Hudson_001.jpg,20
train/Hudson/Hudson_056.jpg,20
train/Hudson/Hudson_007.jpg,20
train/Hudson/Hudson_071.jpg,20
train/Hudson/Hudson_077.jpg,20
train/Hudson/Hudson_084.jpg,20
train/Hudson/Hudson_055.jpg,20
train/Hudson/Hudson_050.jpg,20
train/Hudson/Hudson_083.jpg,20
train/Hudson/Hudson_048.jpg,20
train/Hudson/Hudson_096.jpg,20
train/Hudson/Hudson_074.jpg,20
train/Hudson/Hudson_005.jpg,20
train/Hudson/Hudson_101.jpg,20
train/Hudson/Hudson_047.jpg,20
train/Hudson/Hudson_091.jpg,20
train/Hudson/Hudson_026.jpg,20
train/Hudson/Hudson_031.jpg,20
train/Hudson/Hudson_045.jpg,20
train/Hudson/Hudson_027.jpg,20
train/Hudson/Hudson_018.jpg,20
train/Hudson/Hudson_000.jpg,20
train/Hudson/Hudson_073.jpg,20
train/Hudson/Hudson_089.jpg,20
train/Hudson/Hudson_072.jpg,20
train/Hudson/Hudson_061.jpg,20
train/Hudson/Hudson_052.jpg,20
train/Hudson/Hudson_095.jpg,20
train/Hudson/Hudson_028.jpg,20
train/Hudson/Hudson_022.jpg,20
train/Hudson/Hudson_004.jpg,20
train/Hudson/Hudson_087.jpg,20
train/Hudson/Hudson_054.jpg,20
train/Hudson/Hudson_010.jpg,20
train/Hudson/Hudson_076.jpg,20
train/Hudson/Hudson_044.jpg,20
train/Hudson/Hudson_068.jpg,20
train/Hudson/Hudson_015.jpg,20
train/Hudson/Hudson_067.jpg,20
train/Hudson/Hudson_033.jpg,20
train/Hudson/Hudson_060.jpg,20
train/Hudson/Hudson_080.jpg,20
train/Hudson/Hudson_092.jpg,20
train/Hudson/Hudson_075.jpg,20
train/Hudson/Hudson_037.jpg,20
train/Hudson/Hudson_049.jpg,20
train/Hudson/Hudson_012.jpg,20
train/Hudson/Hudson_059.jpg,20
train/Hudson/Hudson_016.jpg,20
train/Hudson/Hudson_058.jpg,20
train/Hudson/Hudson_086.jpg,20
train/Hudson/Hudson_013.jpg,20
train/Hudson/Hudson_063.jpg,20
train/Hudson/Hudson_070.jpg,20
train/Hudson/Hudson_097.jpg,20
train/Hudson/Hudson_062.jpg,20
train/Hudson/Hudson_011.jpg,20
train/Hudson/Hudson_040.jpg,20
train/Hudson/Hudson_020.jpg,20
train/Mazda/Mazda_005.jpg,30
train/Mazda/Mazda_052.jpg,30
train/Mazda/Mazda_040.jpg,30
train/Mazda/Mazda_089.jpg,30
train/Mazda/Mazda_054.jpg,30
train/Mazda/Mazda_004.jpg,30
train/Mazda/Mazda_079.jpg,30
train/Mazda/Mazda_021.jpg,30
train/Mazda/Mazda_033.jpg,30
train/Mazda/Mazda_072.jpg,30
train/Mazda/Mazda_022.jpg,30
train/Mazda/Mazda_060.jpg,30
train/Mazda/Mazda_002.jpg,30
train/Mazda/Mazda_035.jpg,30
train/Mazda/Mazda_013.jpg,30
train/Mazda/Mazda_016.jpg,30
train/Mazda/Mazda_086.jpg,30
train/Mazda/Mazda_080.jpg,30
train/Mazda/Mazda_074.jpg,30
train/Mazda/Mazda_056.jpg,30
train/Mazda/Mazda_048.jpg,30
train/Mazda/Mazda_064.jpg,30
train/Mazda/Mazda_031.jpg,30
train/Mazda/Mazda_067.jpg,30
train/Mazda/Mazda_044.jpg,30
train/Mazda/Mazda_030.jpg,30
train/Mazda/Mazda_006.jpg,30
train/Mazda/Mazda_061.jpg,30
train/Mazda/Mazda_078.jpg,30
train/Mazda/Mazda_063.jpg,30
train/Mazda/Mazda_057.jpg,30
train/Mazda/Mazda_043.jpg,30
train/Mazda/Mazda_020.jpg,30
train/Mazda/Mazda_009.jpg,30
train/Mazda/Mazda_081.jpg,30
train/Mazda/Mazda_018.jpg,30
train/Mazda/Mazda_008.jpg,30
train/Mazda/Mazda_014.jpg,30
train/Mazda/Mazda_032.jpg,30
train/Mazda/Mazda_053.jpg,30
train/Mazda/Mazda_024.jpg,30
train/Mazda/Mazda_042.jpg,30
train/Mazda/Mazda_017.jpg,30
train/Mazda/Mazda_015.jpg,30
train/Mazda/Mazda_068.jpg,30
train/Mazda/Mazda_037.jpg,30
train/Mazda/Mazda_027.jpg,30
train/Mazda/Mazda_036.jpg,30
train/Mazda/Mazda_039.jpg,30
train/Mazda/Mazda_059.jpg,30
train/Mazda/Mazda_070.jpg,30
train/Mazda/Mazda_034.jpg,30
train/Mazda/Mazda_088.jpg,30
train/Mazda/Mazda_028.jpg,30
train/Mazda/Mazda_077.jpg,30
train/Mazda/Mazda_084.jpg,30
train/Mazda/Mazda_076.jpg,30
train/Mazda/Mazda_046.jpg,30
train/Mazda/Mazda_069.jpg,30
train/Mazda/Mazda_003.jpg,30
train/Mazda/Mazda_082.jpg,30
train/Mazda/Mazda_055.jpg,30
train/Mazda/Mazda_065.jpg,30
train/Mazda/Mazda_011.jpg,30
train/Mazda/Mazda_071.jpg,30
train/Mazda/Mazda_025.jpg,30
train/Mazda/Mazda_007.jpg,30
train/Mazda/Mazda_049.jpg,30
train/Mazda/Mazda_045.jpg,30
train/Mazda/Mazda_041.jpg,30
train/Mazda/Mazda_023.jpg,30
train/Mazda/Mazda_038.jpg,30
train/Mazda/Mazda_051.jpg,30
train/Mazda/Mazda_073.jpg,30
train/Mazda/Mazda_001.jpg,30
train/Mazda/Mazda_050.jpg,30
train/Mazda/Mazda_019.jpg,30
train/Mazda/Mazda_062.jpg,30
train/Mazda/Mazda_000.jpg,30
train/Mazda/Mazda_085.jpg,30
train/Mazda/Mazda_066.jpg,30
train/Mazda/Mazda_010.jpg,30
train/Mazda/Mazda_090.jpg,30
train/Mazda/Mazda_047.jpg,30
train/Mazda/Mazda_075.jpg,30
train/Mazda/Mazda_087.jpg,30
train/Mazda/Mazda_026.jpg,30
train/Ram_Trucks/Ram_Trucks_041.jpg,40
train/Ram_Trucks/Ram_Trucks_074.jpg,40
train/Ram_Trucks/Ram_Trucks_044.jpg,40
train/Ram_Trucks/Ram_Trucks_019.jpg,40
train/Ram_Trucks/Ram_Trucks_073.jpg,40
train/Ram_Trucks/Ram_Trucks_008.jpg,40
train/Ram_Trucks/Ram_Trucks_031.jpg,40
train/Ram_Trucks/Ram_Trucks_052.jpg,40
train/Ram_Trucks/Ram_Trucks_037.jpg,40
train/Ram_Trucks/Ram_Trucks_020.jpg,40
train/Ram_Trucks/Ram_Trucks_038.jpg,40
train/Ram_Trucks/Ram_Trucks_030.jpg,40
train/Ram_Trucks/Ram_Trucks_087.jpg,40
train/Ram_Trucks/Ram_Trucks_012.jpg,40
train/Ram_Trucks/Ram_Trucks_055.jpg,40
train/Ram_Trucks/Ram_Trucks_071.jpg,40
train/Ram_Trucks/Ram_Trucks_036.jpg,40
train/Ram_Trucks/Ram_Trucks_048.jpg,40
train/Ram_Trucks/Ram_Trucks_024.jpg,40
train/Ram_Trucks/Ram_Trucks_065.jpg,40
train/Ram_Trucks/Ram_Trucks_033.jpg,40
train/Ram_Trucks/Ram_Trucks_079.jpg,40
train/Ram_Trucks/Ram_Trucks_016.jpg,40
train/Ram_Trucks/Ram_Trucks_086.jpg,40
train/Ram_Trucks/Ram_Trucks_046.jpg,40
train/Ram_Trucks/Ram_Trucks_026.jpg,40
train/Ram_Trucks/Ram_Trucks_067.jpg,40
train/Ram_Trucks/Ram_Trucks_090.jpg,40
train/Ram_Trucks/Ram_Trucks_075.jpg,40
train/Ram_Trucks/Ram_Trucks_076.jpg,40
train/Ram_Trucks/Ram_Trucks_004.jpg,40
train/Ram_Trucks/Ram_Trucks_002.jpg,40
train/Ram_Trucks/Ram_Trucks_061.jpg,40
train/Ram_Trucks/Ram_Trucks_081.jpg,40
train/Ram_Trucks/Ram_Trucks_056.jpg,40
train/Ram_Trucks/Ram_Trucks_032.jpg,40
train/Ram_Trucks/Ram_Trucks_006.jpg,40
train/Ram_Trucks/Ram_Trucks_069.jpg,40
train/Ram_Trucks/Ram_Trucks_066.jpg,40
train/Ram_Trucks/Ram_Trucks_005.jpg,40
train/Ram_Trucks/Ram_Trucks_047.jpg,40
train/Ram_Trucks/Ram_Trucks_011.jpg,40
train/Ram_Trucks/Ram_Trucks_068.jpg,40
train/Ram_Trucks/Ram_Trucks_077.jpg,40
train/Ram_Trucks/Ram_Trucks_001.jpg,40
train/Ram_Trucks/Ram_Trucks_049.jpg,40
train/Ram_Trucks/Ram_Trucks_059.jpg,40
train/Ram_Trucks/Ram_Trucks_023.jpg,40
train/Ram_Trucks/Ram_Trucks_029.jpg,40
train/Ram_Trucks/Ram_Trucks_051.jpg,40
train/Ram_Trucks/Ram_Trucks_089.jpg,40
train/Ram_Trucks/Ram_Trucks_034.jpg,40
train/Ram_Trucks/Ram_Trucks_053.jpg,40
train/Ram_Trucks/Ram_Trucks_000.jpg,40
train/Ram_Trucks/Ram_Trucks_045.jpg,40
train/Ram_Trucks/Ram_Trucks_015.jpg,40
train/Ram_Trucks/Ram_Trucks_058.jpg,40
train/Ram_Trucks/Ram_Trucks_043.jpg,40
train/Ram_Trucks/Ram_Trucks_035.jpg,40
train/Ram_Trucks/Ram_Trucks_025.jpg,40
train/Ram_Trucks/Ram_Trucks_057.jpg,40
train/Ram_Trucks/Ram_Trucks_021.jpg,40
train/Ram_Trucks/Ram_Trucks_054.jpg,40
train/Ram_Trucks/Ram_Trucks_018.jpg,40
train/Ram_Trucks/Ram_Trucks_007.jpg,40
train/Ram_Trucks/Ram_Trucks_003.jpg,40
train/Ram_Trucks/Ram_Trucks_013.jpg,40
train/Ram_Trucks/Ram_Trucks_064.jpg,40
train/Ram_Trucks/Ram_Trucks_022.jpg,40
train/Ram_Trucks/Ram_Trucks_088.jpg,40
train/Ram_Trucks/Ram_Trucks_028.jpg,40
train/Ram_Trucks/Ram_Trucks_010.jpg,40
train/Ram_Trucks/Ram_Trucks_082.jpg,40
train/Ram_Trucks/Ram_Trucks_072.jpg,40
train/Ram_Trucks/Ram_Trucks_070.jpg,40
train/Ram_Trucks/Ram_Trucks_080.jpg,40
train/Ram_Trucks/Ram_Trucks_042.jpg,40
train/Ram_Trucks/Ram_Trucks_084.jpg,40
train/Ram_Trucks/Ram_Trucks_014.jpg,40
train/Ram_Trucks/Ram_Trucks_017.jpg,40
train/Ram_Trucks/Ram_Trucks_063.jpg,40
train/Ram_Trucks/Ram_Trucks_083.jpg,40
train/Ram_Trucks/Ram_Trucks_040.jpg,40
train/Ram_Trucks/Ram_Trucks_027.jpg,40
train/Ram_Trucks/Ram_Trucks_085.jpg,40
train/Ram_Trucks/Ram_Trucks_009.jpg,40
train/Ram_Trucks/Ram_Trucks_050.jpg,40
train/BMW/BMW_010.jpg,5
train/BMW/BMW_011.jpg,5
train/BMW/BMW_069.jpg,5
train/BMW/BMW_033.jpg,5
train/BMW/BMW_054.jpg,5
train/BMW/BMW_017.jpg,5
train/BMW/BMW_063.jpg,5
train/BMW/BMW_027.jpg,5
train/BMW/BMW_019.jpg,5
train/BMW/BMW_052.jpg,5
train/BMW/BMW_032.jpg,5
train/BMW/BMW_060.jpg,5
train/BMW/BMW_057.jpg,5
train/BMW/BMW_070.jpg,5
train/BMW/BMW_013.jpg,5
train/BMW/BMW_044.jpg,5
train/BMW/BMW_076.jpg,5
train/BMW/BMW_062.jpg,5
train/BMW/BMW_038.jpg,5
train/BMW/BMW_029.jpg,5
train/BMW/BMW_018.jpg,5
train/BMW/BMW_049.jpg,5
train/BMW/BMW_023.jpg,5
train/BMW/BMW_004.jpg,5
train/BMW/BMW_064.jpg,5
train/BMW/BMW_006.jpg,5
train/BMW/BMW_058.jpg,5
train/BMW/BMW_073.jpg,5
train/BMW/BMW_035.jpg,5
train/BMW/BMW_016.jpg,5
train/BMW/BMW_068.jpg,5
train/BMW/BMW_002.jpg,5
train/BMW/BMW_003.jpg,5
train/BMW/BMW_074.jpg,5
train/BMW/BMW_065.jpg,5
train/BMW/BMW_026.jpg,5
train/BMW/BMW_034.jpg,5
train/BMW/BMW_040.jpg,5
train/BMW/BMW_053.jpg,5
train/BMW/BMW_045.jpg,5
train/BMW/BMW_024.jpg,5
train/BMW/BMW_039.jpg,5
train/BMW/BMW_007.jpg,5
train/BMW/BMW_041.jpg,5
train/BMW/BMW_078.jpg,5
train/BMW/BMW_020.jpg,5
train/BMW/BMW_071.jpg,5
train/BMW/BMW_043.jpg,5
train/BMW/BMW_061.jpg,5
train/BMW/BMW_025.jpg,5
train/BMW/BMW_005.jpg,5
train/BMW/BMW_082.jpg,5
train/BMW/BMW_009.jpg,5
train/BMW/BMW_012.jpg,5
train/BMW/BMW_051.jpg,5
train/BMW/BMW_059.jpg,5
train/BMW/BMW_075.jpg,5
train/BMW/BMW_021.jpg,5
train/BMW/BMW_046.jpg,5
train/BMW/BMW_030.jpg,5
train/BMW/BMW_031.jpg,5
train/BMW/BMW_047.jpg,5
train/BMW/BMW_067.jpg,5
train/BMW/BMW_015.jpg,5
train/BMW/BMW_036.jpg,5
train/BMW/BMW_083.jpg,5
train/BMW/BMW_022.jpg,5
train/BMW/BMW_050.jpg,5
train/BMW/BMW_042.jpg,5
train/BMW/BMW_000.jpg,5
train/BMW/BMW_014.jpg,5
train/BMW/BMW_056.jpg,5
train/BMW/BMW_066.jpg,5
train/BMW/BMW_048.jpg,5
train/BMW/BMW_008.jpg,5
train/BMW/BMW_077.jpg,5
train/BMW/BMW_081.jpg,5
train/BMW/BMW_037.jpg,5
train/BMW/BMW_055.jpg,5
train/BMW/BMW_080.jpg,5
train/Infiniti/Infiniti_068.jpg,22
train/Infiniti/Infiniti_042.jpg,22
train/Infiniti/Infiniti_000.jpg,22
train/Infiniti/Infiniti_052.jpg,22
train/Infiniti/Infiniti_070.jpg,22
train/Infiniti/Infiniti_055.jpg,22
train/Infiniti/Infiniti_071.jpg,22
train/Infiniti/Infiniti_085.jpg,22
train/Infiniti/Infiniti_040.jpg,22
train/Infiniti/Infiniti_082.jpg,22
train/Infiniti/Infiniti_043.jpg,22
train/Infiniti/Infiniti_039.jpg,22
train/Infiniti/Infiniti_044.jpg,22
train/Infiniti/Infiniti_056.jpg,22
train/Infiniti/Infiniti_015.jpg,22
train/Infiniti/Infiniti_017.jpg,22
train/Infiniti/Infiniti_069.jpg,22
train/Infiniti/Infiniti_030.jpg,22
train/Infiniti/Infiniti_021.jpg,22
train/Infiniti/Infiniti_006.jpg,22
train/Infiniti/Infiniti_023.jpg,22
train/Infiniti/Infiniti_009.jpg,22
train/Infiniti/Infiniti_016.jpg,22
train/Infiniti/Infiniti_064.jpg,22
train/Infiniti/Infiniti_075.jpg,22
train/Infiniti/Infiniti_090.jpg,22
train/Infiniti/Infiniti_047.jpg,22
train/Infiniti/Infiniti_045.jpg,22
train/Infiniti/Infiniti_049.jpg,22
train/Infiniti/Infiniti_012.jpg,22
train/Infiniti/Infiniti_080.jpg,22
train/Infiniti/Infiniti_004.jpg,22
train/Infiniti/Infiniti_018.jpg,22
train/Infiniti/Infiniti_087.jpg,22
train/Infiniti/Infiniti_061.jpg,22
train/Infiniti/Infiniti_038.jpg,22
train/Infiniti/Infiniti_027.jpg,22
train/Infiniti/Infiniti_001.jpg,22
train/Infiniti/Infiniti_046.jpg,22
train/Infiniti/Infiniti_089.jpg,22
train/Infiniti/Infiniti_058.jpg,22
train/Infiniti/Infiniti_077.jpg,22
train/Infiniti/Infiniti_067.jpg,22
train/Infiniti/Infiniti_024.jpg,22
train/Infiniti/Infiniti_034.jpg,22
train/Infiniti/Infiniti_086.jpg,22
train/Infiniti/Infiniti_026.jpg,22
train/Infiniti/Infiniti_028.jpg,22
train/Infiniti/Infiniti_008.jpg,22
train/Infiniti/Infiniti_037.jpg,22
train/Infiniti/Infiniti_003.jpg,22
train/Infiniti/Infiniti_041.jpg,22
train/Infiniti/Infiniti_073.jpg,22
train/Infiniti/Infiniti_048.jpg,22
train/Infiniti/Infiniti_036.jpg,22
train/Infiniti/Infiniti_065.jpg,22
train/Infiniti/Infiniti_076.jpg,22
train/Infiniti/Infiniti_032.jpg,22
train/Infiniti/Infiniti_025.jpg,22
train/Infiniti/Infiniti_005.jpg,22
train/Infiniti/Infiniti_035.jpg,22
train/Infiniti/Infiniti_019.jpg,22
train/Infiniti/Infiniti_051.jpg,22
train/Infiniti/Infiniti_079.jpg,22
train/Infiniti/Infiniti_053.jpg,22
train/Infiniti/Infiniti_013.jpg,22
train/Infiniti/Infiniti_072.jpg,22
train/Infiniti/Infiniti_083.jpg,22
train/Infiniti/Infiniti_010.jpg,22
train/Infiniti/Infiniti_029.jpg,22
train/Infiniti/Infiniti_057.jpg,22
train/Infiniti/Infiniti_007.jpg,22
train/Infiniti/Infiniti_020.jpg,22
train/Infiniti/Infiniti_054.jpg,22
train/Infiniti/Infiniti_031.jpg,22
train/Infiniti/Infiniti_014.jpg,22
train/Infiniti/Infiniti_059.jpg,22
train/Infiniti/Infiniti_078.jpg,22
train/Infiniti/Infiniti_088.jpg,22
train/Infiniti/Infiniti_063.jpg,22
train/Infiniti/Infiniti_081.jpg,22
train/Infiniti/Infiniti_060.jpg,22
train/Infiniti/Infiniti_062.jpg,22
train/Infiniti/Infiniti_050.jpg,22
train/Infiniti/Infiniti_033.jpg,22
train/Infiniti/Infiniti_011.jpg,22
train/Infiniti/Infiniti_084.jpg,22
train/Lincoln/Lincoln_072.jpg,28
train/Lincoln/Lincoln_083.jpg,28
train/Lincoln/Lincoln_063.jpg,28
train/Lincoln/Lincoln_051.jpg,28
train/Lincoln/Lincoln_033.jpg,28
train/Lincoln/Lincoln_098.jpg,28
train/Lincoln/Lincoln_087.jpg,28
train/Lincoln/Lincoln_059.jpg,28
train/Lincoln/Lincoln_061.jpg,28
train/Lincoln/Lincoln_079.jpg,28
train/Lincoln/Lincoln_010.jpg,28
train/Lincoln/Lincoln_055.jpg,28
train/Lincoln/Lincoln_014.jpg,28
train/Lincoln/Lincoln_029.jpg,28
train/Lincoln/Lincoln_086.jpg,28
train/Lincoln/Lincoln_044.jpg,28
train/Lincoln/Lincoln_085.jpg,28
train/Lincoln/Lincoln_074.jpg,28
train/Lincoln/Lincoln_077.jpg,28
train/Lincoln/Lincoln_018.jpg,28
train/Lincoln/Lincoln_019.jpg,28
train/Lincoln/Lincoln_022.jpg,28
train/Lincoln/Lincoln_067.jpg,28
train/Lincoln/Lincoln_039.jpg,28
train/Lincoln/Lincoln_064.jpg,28
train/Lincoln/Lincoln_048.jpg,28
train/Lincoln/Lincoln_058.jpg,28
train/Lincoln/Lincoln_094.jpg,28
train/Lincoln/Lincoln_090.jpg,28
train/Lincoln/Lincoln_088.jpg,28
train/Lincoln/Lincoln_097.jpg,28
train/Lincoln/Lincoln_000.jpg,28
train/Lincoln/Lincoln_034.jpg,28
train/Lincoln/Lincoln_053.jpg,28
train/Lincoln/Lincoln_078.jpg,28
train/Lincoln/Lincoln_001.jpg,28
train/Lincoln/Lincoln_071.jpg,28
train/Lincoln/Lincoln_009.jpg,28
train/Lincoln/Lincoln_052.jpg,28
train/Lincoln/Lincoln_062.jpg,28
train/Lincoln/Lincoln_020.jpg,28
train/Lincoln/Lincoln_082.jpg,28
train/Lincoln/Lincoln_038.jpg,28
train/Lincoln/Lincoln_026.jpg,28
train/Lincoln/Lincoln_070.jpg,28
train/Lincoln/Lincoln_030.jpg,28
train/Lincoln/Lincoln_017.jpg,28
train/Lincoln/Lincoln_012.jpg,28
train/Lincoln/Lincoln_032.jpg,28
train/Lincoln/Lincoln_027.jpg,28
train/Lincoln/Lincoln_005.jpg,28
train/Lincoln/Lincoln_006.jpg,28
train/Lincoln/Lincoln_024.jpg,28
train/Lincoln/Lincoln_057.jpg,28
train/Lincoln/Lincoln_007.jpg,28
train/Lincoln/Lincoln_073.jpg,28
train/Lincoln/Lincoln_011.jpg,28
train/Lincoln/Lincoln_037.jpg,28
train/Lincoln/Lincoln_013.jpg,28
train/Lincoln/Lincoln_081.jpg,28
train/Lincoln/Lincoln_093.jpg,28
train/Lincoln/Lincoln_041.jpg,28
train/Lincoln/Lincoln_080.jpg,28
train/Lincoln/Lincoln_015.jpg,28
train/Lincoln/Lincoln_100.jpg,28
train/Lincoln/Lincoln_025.jpg,28
train/Lincoln/Lincoln_084.jpg,28
train/Lincoln/Lincoln_023.jpg,28
train/Lincoln/Lincoln_028.jpg,28
train/Lincoln/Lincoln_031.jpg,28
train/Lincoln/Lincoln_054.jpg,28
train/Lincoln/Lincoln_089.jpg,28
train/Lincoln/Lincoln_016.jpg,28
train/Lincoln/Lincoln_056.jpg,28
train/Lincoln/Lincoln_060.jpg,28
train/Lincoln/Lincoln_036.jpg,28
train/Lincoln/Lincoln_047.jpg,28
train/Lincoln/Lincoln_003.jpg,28
train/Lincoln/Lincoln_049.jpg,28
train/Lincoln/Lincoln_004.jpg,28
train/Lincoln/Lincoln_035.jpg,28
train/Lincoln/Lincoln_069.jpg,28
train/Lincoln/Lincoln_091.jpg,28
train/Lincoln/Lincoln_050.jpg,28
train/Lincoln/Lincoln_101.jpg,28
train/Lincoln/Lincoln_046.jpg,28
train/Lincoln/Lincoln_043.jpg,28
train/Lincoln/Lincoln_095.jpg,28
train/Lincoln/Lincoln_092.jpg,28
train/Lincoln/Lincoln_042.jpg,28
train/Lincoln/Lincoln_040.jpg,28
train/Lincoln/Lincoln_066.jpg,28
train/Lincoln/Lincoln_008.jpg,28
train/Lincoln/Lincoln_096.jpg,28
train/Lincoln/Lincoln_065.jpg,28
train/Lincoln/Lincoln_021.jpg,28
train/Lincoln/Lincoln_068.jpg,28
train/Lincoln/Lincoln_075.jpg,28
train/Mitsubishi/Mitsubishi_037.jpg,34
train/Mitsubishi/Mitsubishi_024.jpg,34
train/Mitsubishi/Mitsubishi_057.jpg,34
train/Mitsubishi/Mitsubishi_006.jpg,34
train/Mitsubishi/Mitsubishi_001.jpg,34
train/Mitsubishi/Mitsubishi_019.jpg,34
train/Mitsubishi/Mitsubishi_028.jpg,34
train/Mitsubishi/Mitsubishi_023.jpg,34
train/Mitsubishi/Mitsubishi_003.jpg,34
train/Mitsubishi/Mitsubishi_082.jpg,34
train/Mitsubishi/Mitsubishi_073.jpg,34
train/Mitsubishi/Mitsubishi_066.jpg,34
train/Mitsubishi/Mitsubishi_018.jpg,34
train/Mitsubishi/Mitsubishi_005.jpg,34
train/Mitsubishi/Mitsubishi_080.jpg,34
train/Mitsubishi/Mitsubishi_029.jpg,34
train/Mitsubishi/Mitsubishi_049.jpg,34
train/Mitsubishi/Mitsubishi_016.jpg,34
train/Mitsubishi/Mitsubishi_041.jpg,34
train/Mitsubishi/Mitsubishi_044.jpg,34
train/Mitsubishi/Mitsubishi_022.jpg,34
train/Mitsubishi/Mitsubishi_030.jpg,34
train/Mitsubishi/Mitsubishi_043.jpg,34
train/Mitsubishi/Mitsubishi_058.jpg,34
train/Mitsubishi/Mitsubishi_054.jpg,34
train/Mitsubishi/Mitsubishi_032.jpg,34
train/Mitsubishi/Mitsubishi_085.jpg,34
train/Mitsubishi/Mitsubishi_011.jpg,34
train/Mitsubishi/Mitsubishi_051.jpg,34
train/Mitsubishi/Mitsubishi_070.jpg,34
train/Mitsubishi/Mitsubishi_079.jpg,34
train/Mitsubishi/Mitsubishi_081.jpg,34
train/Mitsubishi/Mitsubishi_038.jpg,34
train/Mitsubishi/Mitsubishi_048.jpg,34
train/Mitsubishi/Mitsubishi_027.jpg,34
train/Mitsubishi/Mitsubishi_040.jpg,34
train/Mitsubishi/Mitsubishi_086.jpg,34
train/Mitsubishi/Mitsubishi_069.jpg,34
train/Mitsubishi/Mitsubishi_045.jpg,34
train/Mitsubishi/Mitsubishi_084.jpg,34
train/Mitsubishi/Mitsubishi_031.jpg,34
train/Mitsubishi/Mitsubishi_063.jpg,34
train/Mitsubishi/Mitsubishi_009.jpg,34
train/Mitsubishi/Mitsubishi_083.jpg,34
train/Mitsubishi/Mitsubishi_012.jpg,34
train/Mitsubishi/Mitsubishi_072.jpg,34
train/Mitsubishi/Mitsubishi_002.jpg,34
train/Mitsubishi/Mitsubishi_087.jpg,34
train/Mitsubishi/Mitsubishi_059.jpg,34
train/Mitsubishi/Mitsubishi_000.jpg,34
train/Mitsubishi/Mitsubishi_046.jpg,34
train/Mitsubishi/Mitsubishi_050.jpg,34
train/Mitsubishi/Mitsubishi_060.jpg,34
train/Mitsubishi/Mitsubishi_036.jpg,34
train/Mitsubishi/Mitsubishi_033.jpg,34
train/Mitsubishi/Mitsubishi_067.jpg,34
train/Mitsubishi/Mitsubishi_026.jpg,34
train/Mitsubishi/Mitsubishi_025.jpg,34
train/Mitsubishi/Mitsubishi_074.jpg,34
train/Mitsubishi/Mitsubishi_015.jpg,34
train/Mitsubishi/Mitsubishi_053.jpg,34
train/Mitsubishi/Mitsubishi_075.jpg,34
train/Mitsubishi/Mitsubishi_035.jpg,34
train/Mitsubishi/Mitsubishi_042.jpg,34
train/Mitsubishi/Mitsubishi_068.jpg,34
train/Mitsubishi/Mitsubishi_078.jpg,34
train/Mitsubishi/Mitsubishi_052.jpg,34
train/Mitsubishi/Mitsubishi_071.jpg,34
train/Mitsubishi/Mitsubishi_039.jpg,34
train/Mitsubishi/Mitsubishi_014.jpg,34
train/Mitsubishi/Mitsubishi_064.jpg,34
train/Mitsubishi/Mitsubishi_061.jpg,34
train/Mitsubishi/Mitsubishi_021.jpg,34
train/Mitsubishi/Mitsubishi_013.jpg,34
train/Mitsubishi/Mitsubishi_062.jpg,34
train/Mitsubishi/Mitsubishi_047.jpg,34
train/Mitsubishi/Mitsubishi_004.jpg,34
train/Mitsubishi/Mitsubishi_017.jpg,34
train/Mitsubishi/Mitsubishi_010.jpg,34
train/Mitsubishi/Mitsubishi_056.jpg,34
train/Mitsubishi/Mitsubishi_065.jpg,34
train/Mitsubishi/Mitsubishi_034.jpg,34
train/Mitsubishi/Mitsubishi_077.jpg,34
train/Mitsubishi/Mitsubishi_008.jpg,34
train/GMC/GMC_029.jpg,18
train/GMC/GMC_071.jpg,18
train/GMC/GMC_064.jpg,18
train/GMC/GMC_023.jpg,18
train/GMC/GMC_013.jpg,18
train/GMC/GMC_086.jpg,18
train/GMC/GMC_068.jpg,18
train/GMC/GMC_054.jpg,18
train/GMC/GMC_027.jpg,18
train/GMC/GMC_031.jpg,18
train/GMC/GMC_056.jpg,18
train/GMC/GMC_037.jpg,18
train/GMC/GMC_043.jpg,18
train/GMC/GMC_079.jpg,18
train/GMC/GMC_038.jpg,18
train/GMC/GMC_048.jpg,18
train/GMC/GMC_050.jpg,18
train/GMC/GMC_059.jpg,18
train/GMC/GMC_039.jpg,18
train/GMC/GMC_080.jpg,18
train/GMC/GMC_091.jpg,18
train/GMC/GMC_069.jpg,18
train/GMC/GMC_060.jpg,18
train/GMC/GMC_016.jpg,18
train/GMC/GMC_004.jpg,18
train/GMC/GMC_002.jpg,18
train/GMC/GMC_044.jpg,18
train/GMC/GMC_061.jpg,18
train/GMC/GMC_036.jpg,18
train/GMC/GMC_040.jpg,18
train/GMC/GMC_085.jpg,18
train/GMC/GMC_055.jpg,18
train/GMC/GMC_041.jpg,18
train/GMC/GMC_003.jpg,18
train/GMC/GMC_028.jpg,18
train/GMC/GMC_088.jpg,18
train/GMC/GMC_089.jpg,18
train/GMC/GMC_045.jpg,18
train/GMC/GMC_051.jpg,18
train/GMC/GMC_011.jpg,18
train/GMC/GMC_033.jpg,18
train/GMC/GMC_000.jpg,18
train/GMC/GMC_058.jpg,18
train/GMC/GMC_032.jpg,18
train/GMC/GMC_014.jpg,18
train/GMC/GMC_084.jpg,18
train/GMC/GMC_012.jpg,18
train/GMC/GMC_001.jpg,18
train/GMC/GMC_092.jpg,18
train/GMC/GMC_066.jpg,18
train/GMC/GMC_065.jpg,18
train/GMC/GMC_093.jpg,18
train/GMC/GMC_019.jpg,18
train/GMC/GMC_083.jpg,18
train/GMC/GMC_073.jpg,18
train/GMC/GMC_010.jpg,18
train/GMC/GMC_074.jpg,18
train/GMC/GMC_034.jpg,18
train/GMC/GMC_087.jpg,18
train/GMC/GMC_078.jpg,18
train/GMC/GMC_026.jpg,18
train/GMC/GMC_062.jpg,18
train/GMC/GMC_005.jpg,18
train/GMC/GMC_025.jpg,18
train/GMC/GMC_075.jpg,18
train/GMC/GMC_049.jpg,18
train/GMC/GMC_021.jpg,18
train/GMC/GMC_042.jpg,18
train/GMC/GMC_081.jpg,18
train/GMC/GMC_077.jpg,18
train/GMC/GMC_006.jpg,18
train/GMC/GMC_022.jpg,18
train/GMC/GMC_020.jpg,18
train/GMC/GMC_030.jpg,18
train/GMC/GMC_017.jpg,18
train/GMC/GMC_053.jpg,18
train/GMC/GMC_070.jpg,18
train/GMC/GMC_076.jpg,18
train/GMC/GMC_008.jpg,18
train/GMC/GMC_072.jpg,18
train/GMC/GMC_052.jpg,18
train/GMC/GMC_035.jpg,18
train/GMC/GMC_047.jpg,18
train/GMC/GMC_057.jpg,18
train/GMC/GMC_082.jpg,18
train/GMC/GMC_015.jpg,18
train/GMC/GMC_024.jpg,18
train/GMC/GMC_063.jpg,18
train/GMC/GMC_018.jpg,18
train/GMC/GMC_067.jpg,18
train/Kia/Kia_009.jpg,25
train/Kia/Kia_075.jpg,25
train/Kia/Kia_032.jpg,25
train/Kia/Kia_057.jpg,25
train/Kia/Kia_025.jpg,25
train/Kia/Kia_038.jpg,25
train/Kia/Kia_018.jpg,25
train/Kia/Kia_042.jpg,25
train/Kia/Kia_011.jpg,25
train/Kia/Kia_066.jpg,25
train/Kia/Kia_013.jpg,25
train/Kia/Kia_050.jpg,25
train/Kia/Kia_064.jpg,25
train/Kia/Kia_079.jpg,25
train/Kia/Kia_072.jpg,25
train/Kia/Kia_023.jpg,25
train/Kia/Kia_052.jpg,25
train/Kia/Kia_028.jpg,25
train/Kia/Kia_051.jpg,25
train/Kia/Kia_010.jpg,25
train/Kia/Kia_061.jpg,25
train/Kia/Kia_015.jpg,25
train/Kia/Kia_034.jpg,25
train/Kia/Kia_030.jpg,25
train/Kia/Kia_063.jpg,25
train/Kia/Kia_019.jpg,25
train/Kia/Kia_040.jpg,25
train/Kia/Kia_027.jpg,25
train/Kia/Kia_056.jpg,25
train/Kia/Kia_055.jpg,25
train/Kia/Kia_074.jpg,25
train/Kia/Kia_083.jpg,25
train/Kia/Kia_021.jpg,25
train/Kia/Kia_006.jpg,25
train/Kia/Kia_008.jpg,25
train/Kia/Kia_020.jpg,25
train/Kia/Kia_054.jpg,25
train/Kia/Kia_084.jpg,25
train/Kia/Kia_046.jpg,25
train/Kia/Kia_047.jpg,25
train/Kia/Kia_004.jpg,25
train/Kia/Kia_059.jpg,25
train/Kia/Kia_039.jpg,25
train/Kia/Kia_033.jpg,25
train/Kia/Kia_080.jpg,25
train/Kia/Kia_058.jpg,25
train/Kia/Kia_045.jpg,25
train/Kia/Kia_037.jpg,25
train/Kia/Kia_016.jpg,25
train/Kia/Kia_014.jpg,25
train/Kia/Kia_044.jpg,25
train/Kia/Kia_071.jpg,25
train/Kia/Kia_001.jpg,25
train/Kia/Kia_029.jpg,25
train/Kia/Kia_070.jpg,25
train/Kia/Kia_031.jpg,25
train/Kia/Kia_017.jpg,25
train/Kia/Kia_065.jpg,25
train/Kia/Kia_082.jpg,25
train/Kia/Kia_012.jpg,25
train/Kia/Kia_002.jpg,25
train/Kia/Kia_053.jpg,25
train/Kia/Kia_049.jpg,25
train/Kia/Kia_048.jpg,25
train/Kia/Kia_022.jpg,25
train/Kia/Kia_068.jpg,25
train/Kia/Kia_062.jpg,25
train/Kia/Kia_076.jpg,25
train/Kia/Kia_035.jpg,25
train/Kia/Kia_036.jpg,25
train/Kia/Kia_024.jpg,25
train/Kia/Kia_073.jpg,25
train/Kia/Kia_060.jpg,25
train/Kia/Kia_000.jpg,25
train/Kia/Kia_078.jpg,25
train/Kia/Kia_067.jpg,25
train/Kia/Kia_081.jpg,25
train/Kia/Kia_077.jpg,25
train/Kia/Kia_043.jpg,25
train/Kia/Kia_003.jpg,25
train/Kia/Kia_007.jpg,25
train/Land_Rover/Land_Rover_043.jpg,26
train/Land_Rover/Land_Rover_077.jpg,26
train/Land_Rover/Land_Rover_083.jpg,26
train/Land_Rover/Land_Rover_023.jpg,26
train/Land_Rover/Land_Rover_025.jpg,26
train/Land_Rover/Land_Rover_024.jpg,26
train/Land_Rover/Land_Rover_018.jpg,26
train/Land_Rover/Land_Rover_058.jpg,26
train/Land_Rover/Land_Rover_001.jpg,26
train/Land_Rover/Land_Rover_046.jpg,26
train/Land_Rover/Land_Rover_042.jpg,26
train/Land_Rover/Land_Rover_000.jpg,26
train/Land_Rover/Land_Rover_073.jpg,26
train/Land_Rover/Land_Rover_036.jpg,26
train/Land_Rover/Land_Rover_014.jpg,26
train/Land_Rover/Land_Rover_007.jpg,26
train/Land_Rover/Land_Rover_060.jpg,26
train/Land_Rover/Land_Rover_075.jpg,26
train/Land_Rover/Land_Rover_079.jpg,26
train/Land_Rover/Land_Rover_049.jpg,26
train/Land_Rover/Land_Rover_008.jpg,26
train/Land_Rover/Land_Rover_065.jpg,26
train/Land_Rover/Land_Rover_038.jpg,26
train/Land_Rover/Land_Rover_041.jpg,26
train/Land_Rover/Land_Rover_009.jpg,26
train/Land_Rover/Land_Rover_029.jpg,26
train/Land_Rover/Land_Rover_011.jpg,26
train/Land_Rover/Land_Rover_052.jpg,26
train/Land_Rover/Land_Rover_010.jpg,26
train/Land_Rover/Land_Rover_074.jpg,26
train/Land_Rover/Land_Rover_030.jpg,26
train/Land_Rover/Land_Rover_003.jpg,26
train/Land_Rover/Land_Rover_050.jpg,26
train/Land_Rover/Land_Rover_072.jpg,26
train/Land_Rover/Land_Rover_020.jpg,26
train/Land_Rover/Land_Rover_017.jpg,26
train/Land_Rover/Land_Rover_054.jpg,26
train/Land_Rover/Land_Rover_069.jpg,26
train/Land_Rover/Land_Rover_032.jpg,26
train/Land_Rover/Land_Rover_085.jpg,26
train/Land_Rover/Land_Rover_012.jpg,26
train/Land_Rover/Land_Rover_062.jpg,26
train/Land_Rover/Land_Rover_061.jpg,26
train/Land_Rover/Land_Rover_039.jpg,26
train/Land_Rover/Land_Rover_021.jpg,26
train/Land_Rover/Land_Rover_027.jpg,26
train/Land_Rover/Land_Rover_016.jpg,26
train/Land_Rover/Land_Rover_068.jpg,26
train/Land_Rover/Land_Rover_063.jpg,26
train/Land_Rover/Land_Rover_047.jpg,26
train/Land_Rover/Land_Rover_034.jpg,26
train/Land_Rover/Land_Rover_078.jpg,26
train/Land_Rover/Land_Rover_033.jpg,26
train/Land_Rover/Land_Rover_056.jpg,26
train/Land_Rover/Land_Rover_080.jpg,26
train/Land_Rover/Land_Rover_048.jpg,26
train/Land_Rover/Land_Rover_005.jpg,26
train/Land_Rover/Land_Rover_004.jpg,26
train/Land_Rover/Land_Rover_026.jpg,26
train/Land_Rover/Land_Rover_059.jpg,26
train/Land_Rover/Land_Rover_076.jpg,26
train/Land_Rover/Land_Rover_013.jpg,26
train/Land_Rover/Land_Rover_022.jpg,26
train/Land_Rover/Land_Rover_040.jpg,26
train/Land_Rover/Land_Rover_019.jpg,26
train/Land_Rover/Land_Rover_044.jpg,26
train/Land_Rover/Land_Rover_070.jpg,26
train/Land_Rover/Land_Rover_053.jpg,26
train/Land_Rover/Land_Rover_064.jpg,26
train/Land_Rover/Land_Rover_002.jpg,26
train/Land_Rover/Land_Rover_035.jpg,26
train/Land_Rover/Land_Rover_045.jpg,26
train/Land_Rover/Land_Rover_067.jpg,26
train/Land_Rover/Land_Rover_028.jpg,26
train/Land_Rover/Land_Rover_015.jpg,26
train/Land_Rover/Land_Rover_037.jpg,26
train/Land_Rover/Land_Rover_082.jpg,26
train/Land_Rover/Land_Rover_057.jpg,26
train/Land_Rover/Land_Rover_031.jpg,26
train/Land_Rover/Land_Rover_084.jpg,26
train/Land_Rover/Land_Rover_006.jpg,26
train/Land_Rover/Land_Rover_081.jpg,26
train/Land_Rover/Land_Rover_051.jpg,26
train/Chevrolet/Chevrolet_074.jpg,9
train/Chevrolet/Chevrolet_000.jpg,9
train/Chevrolet/Chevrolet_044.jpg,9
train/Chevrolet/Chevrolet_070.jpg,9
train/Chevrolet/Chevrolet_071.jpg,9
train/Chevrolet/Chevrolet_049.jpg,9
train/Chevrolet/Chevrolet_002.jpg,9
train/Chevrolet/Chevrolet_020.jpg,9
train/Chevrolet/Chevrolet_007.jpg,9
train/Chevrolet/Chevrolet_055.jpg,9
train/Chevrolet/Chevrolet_056.jpg,9
train/Chevrolet/Chevrolet_021.jpg,9
train/Chevrolet/Chevrolet_066.jpg,9
train/Chevrolet/Chevrolet_030.jpg,9
train/Chevrolet/Chevrolet_046.jpg,9
train/Chevrolet/Chevrolet_084.jpg,9
train/Chevrolet/Chevrolet_025.jpg,9
train/Chevrolet/Chevrolet_003.jpg,9
train/Chevrolet/Chevrolet_013.jpg,9
train/Chevrolet/Chevrolet_045.jpg,9
train/Chevrolet/Chevrolet_039.jpg,9
train/Chevrolet/Chevrolet_062.jpg,9
train/Chevrolet/Chevrolet_075.jpg,9
train/Chevrolet/Chevrolet_081.jpg,9
train/Chevrolet/Chevrolet_040.jpg,9
train/Chevrolet/Chevrolet_073.jpg,9
train/Chevrolet/Chevrolet_051.jpg,9
train/Chevrolet/Chevrolet_009.jpg,9
train/Chevrolet/Chevrolet_035.jpg,9
train/Chevrolet/Chevrolet_082.jpg,9
train/Chevrolet/Chevrolet_012.jpg,9
train/Chevrolet/Chevrolet_057.jpg,9
train/Chevrolet/Chevrolet_017.jpg,9
train/Chevrolet/Chevrolet_054.jpg,9
train/Chevrolet/Chevrolet_022.jpg,9
train/Chevrolet/Chevrolet_029.jpg,9
train/Chevrolet/Chevrolet_038.jpg,9
train/Chevrolet/Chevrolet_053.jpg,9
train/Chevrolet/Chevrolet_085.jpg,9
train/Chevrolet/Chevrolet_010.jpg,9
train/Chevrolet/Chevrolet_042.jpg,9
train/Chevrolet/Chevrolet_078.jpg,9
train/Chevrolet/Chevrolet_006.jpg,9
train/Chevrolet/Chevrolet_028.jpg,9
train/Chevrolet/Chevrolet_080.jpg,9
train/Chevrolet/Chevrolet_077.jpg,9
train/Chevrolet/Chevrolet_059.jpg,9
train/Chevrolet/Chevrolet_064.jpg,9
train/Chevrolet/Chevrolet_050.jpg,9
train/Chevrolet/Chevrolet_076.jpg,9
train/Chevrolet/Chevrolet_014.jpg,9
train/Chevrolet/Chevrolet_052.jpg,9
train/Chevrolet/Chevrolet_001.jpg,9
train/Chevrolet/Chevrolet_019.jpg,9
train/Chevrolet/Chevrolet_026.jpg,9
train/Chevrolet/Chevrolet_011.jpg,9
train/Chevrolet/Chevrolet_058.jpg,9
train/Chevrolet/Chevrolet_063.jpg,9
train/Chevrolet/Chevrolet_024.jpg,9
train/Chevrolet/Chevrolet_015.jpg,9
train/Chevrolet/Chevrolet_069.jpg,9
train/Chevrolet/Chevrolet_086.jpg,9
train/Chevrolet/Chevrolet_036.jpg,9
train/Chevrolet/Chevrolet_060.jpg,9
train/Chevrolet/Chevrolet_031.jpg,9
train/Chevrolet/Chevrolet_041.jpg,9
train/Chevrolet/Chevrolet_032.jpg,9
train/Chevrolet/Chevrolet_027.jpg,9
train/Chevrolet/Chevrolet_072.jpg,9
train/Chevrolet/Chevrolet_047.jpg,9
train/Chevrolet/Chevrolet_037.jpg,9
train/Chevrolet/Chevrolet_033.jpg,9
train/Chevrolet/Chevrolet_016.jpg,9
train/Chevrolet/Chevrolet_004.jpg,9
train/Chevrolet/Chevrolet_005.jpg,9
train/Chevrolet/Chevrolet_079.jpg,9
train/Chevrolet/Chevrolet_048.jpg,9
train/Chevrolet/Chevrolet_018.jpg,9
train/Chevrolet/Chevrolet_065.jpg,9
train/Chevrolet/Chevrolet_043.jpg,9
train/Chevrolet/Chevrolet_067.jpg,9
train/Chevrolet/Chevrolet_008.jpg,9
train/Chevrolet/Chevrolet_034.jpg,9
train/Chevrolet/Chevrolet_068.jpg,9
train/Cadillac/Cadillac_073.jpg,8
train/Cadillac/Cadillac_076.jpg,8
train/Cadillac/Cadillac_020.jpg,8
train/Cadillac/Cadillac_012.jpg,8
train/Cadillac/Cadillac_009.jpg,8
train/Cadillac/Cadillac_071.jpg,8
train/Cadillac/Cadillac_084.jpg,8
train/Cadillac/Cadillac_005.jpg,8
train/Cadillac/Cadillac_040.jpg,8
train/Cadillac/Cadillac_082.jpg,8
train/Cadillac/Cadillac_006.jpg,8
train/Cadillac/Cadillac_003.jpg,8
train/Cadillac/Cadillac_007.jpg,8
train/Cadillac/Cadillac_080.jpg,8
train/Cadillac/Cadillac_049.jpg,8
train/Cadillac/Cadillac_022.jpg,8
train/Cadillac/Cadillac_034.jpg,8
train/Cadillac/Cadillac_027.jpg,8
train/Cadillac/Cadillac_077.jpg,8
train/Cadillac/Cadillac_050.jpg,8
train/Cadillac/Cadillac_067.jpg,8
train/Cadillac/Cadillac_060.jpg,8
train/Cadillac/Cadillac_064.jpg,8
train/Cadillac/Cadillac_004.jpg,8
train/Cadillac/Cadillac_078.jpg,8
train/Cadillac/Cadillac_030.jpg,8
train/Cadillac/Cadillac_001.jpg,8
train/Cadillac/Cadillac_065.jpg,8
train/Cadillac/Cadillac_024.jpg,8
train/Cadillac/Cadillac_028.jpg,8
train/Cadillac/Cadillac_018.jpg,8
train/Cadillac/Cadillac_017.jpg,8
train/Cadillac/Cadillac_023.jpg,8
train/Cadillac/Cadillac_047.jpg,8
train/Cadillac/Cadillac_085.jpg,8
train/Cadillac/Cadillac_056.jpg,8
train/Cadillac/Cadillac_066.jpg,8
train/Cadillac/Cadillac_014.jpg,8
train/Cadillac/Cadillac_039.jpg,8
train/Cadillac/Cadillac_019.jpg,8
train/Cadillac/Cadillac_025.jpg,8
train/Cadillac/Cadillac_059.jpg,8
train/Cadillac/Cadillac_033.jpg,8
train/Cadillac/Cadillac_043.jpg,8
train/Cadillac/Cadillac_032.jpg,8
train/Cadillac/Cadillac_044.jpg,8
train/Cadillac/Cadillac_038.jpg,8
train/Cadillac/Cadillac_057.jpg,8
train/Cadillac/Cadillac_010.jpg,8
train/Cadillac/Cadillac_075.jpg,8
train/Cadillac/Cadillac_054.jpg,8
train/Cadillac/Cadillac_061.jpg,8
train/Cadillac/Cadillac_053.jpg,8
train/Cadillac/Cadillac_055.jpg,8
train/Cadillac/Cadillac_015.jpg,8
train/Cadillac/Cadillac_013.jpg,8
train/Cadillac/Cadillac_083.jpg,8
train/Cadillac/Cadillac_058.jpg,8
train/Cadillac/Cadillac_062.jpg,8
train/Cadillac/Cadillac_035.jpg,8
train/Cadillac/Cadillac_008.jpg,8
train/Cadillac/Cadillac_036.jpg,8
train/Cadillac/Cadillac_002.jpg,8
train/Cadillac/Cadillac_069.jpg,8
train/Cadillac/Cadillac_074.jpg,8
train/Cadillac/Cadillac_045.jpg,8
train/Cadillac/Cadillac_063.jpg,8
train/Cadillac/Cadillac_011.jpg,8
train/Cadillac/Cadillac_052.jpg,8
train/Cadillac/Cadillac_072.jpg,8
train/Cadillac/Cadillac_079.jpg,8
train/Cadillac/Cadillac_070.jpg,8
train/Cadillac/Cadillac_031.jpg,8
train/Cadillac/Cadillac_051.jpg,8
train/Cadillac/Cadillac_029.jpg,8
train/Cadillac/Cadillac_068.jpg,8
train/Cadillac/Cadillac_026.jpg,8
train/Cadillac/Cadillac_046.jpg,8
train/Cadillac/Cadillac_042.jpg,8
train/Cadillac/Cadillac_037.jpg,8
train/Cadillac/Cadillac_000.jpg,8
train/Cadillac/Cadillac_041.jpg,8
train/Peugeot/Peugeot_024.jpg,37
train/Peugeot/Peugeot_080.jpg,37
train/Peugeot/Peugeot_029.jpg,37
train/Peugeot/Peugeot_051.jpg,37
train/Peugeot/Peugeot_059.jpg,37
train/Peugeot/Peugeot_012.jpg,37
train/Peugeot/Peugeot_032.jpg,37
train/Peugeot/Peugeot_077.jpg,37
train/Peugeot/Peugeot_072.jpg,37
train/Peugeot/Peugeot_011.jpg,37
train/Peugeot/Peugeot_015.jpg,37
train/Peugeot/Peugeot_043.jpg,37
train/Peugeot/Peugeot_062.jpg,37
train/Peugeot/Peugeot_075.jpg,37
train/Peugeot/Peugeot_018.jpg,37
train/Peugeot/Peugeot_013.jpg,37
train/Peugeot/Peugeot_079.jpg,37
train/Peugeot/Peugeot_026.jpg,37
train/Peugeot/Peugeot_025.jpg,37
train/Peugeot/Peugeot_045.jpg,37
train/Peugeot/Peugeot_070.jpg,37
train/Peugeot/Peugeot_073.jpg,37
train/Peugeot/Peugeot_046.jpg,37
train/Peugeot/Peugeot_083.jpg,37
train/Peugeot/Peugeot_086.jpg,37
train/Peugeot/Peugeot_068.jpg,37
train/Peugeot/Peugeot_074.jpg,37
train/Peugeot/Peugeot_006.jpg,37
train/Peugeot/Peugeot_039.jpg,37
train/Peugeot/Peugeot_048.jpg,37
train/Peugeot/Peugeot_014.jpg,37
train/Peugeot/Peugeot_047.jpg,37
train/Peugeot/Peugeot_037.jpg,37
train/Peugeot/Peugeot_023.jpg,37
train/Peugeot/Peugeot_001.jpg,37
train/Peugeot/Peugeot_084.jpg,37
train/Peugeot/Peugeot_064.jpg,37
train/Peugeot/Peugeot_038.jpg,37
train/Peugeot/Peugeot_063.jpg,37
train/Peugeot/Peugeot_041.jpg,37
train/Peugeot/Peugeot_087.jpg,37
train/Peugeot/Peugeot_005.jpg,37
train/Peugeot/Peugeot_067.jpg,37
train/Peugeot/Peugeot_056.jpg,37
train/Peugeot/Peugeot_061.jpg,37
train/Peugeot/Peugeot_027.jpg,37
train/Peugeot/Peugeot_010.jpg,37
train/Peugeot/Peugeot_036.jpg,37
train/Peugeot/Peugeot_034.jpg,37
train/Peugeot/Peugeot_031.jpg,37
train/Peugeot/Peugeot_017.jpg,37
train/Peugeot/Peugeot_058.jpg,37
train/Peugeot/Peugeot_052.jpg,37
train/Peugeot/Peugeot_066.jpg,37
train/Peugeot/Peugeot_007.jpg,37
train/Peugeot/Peugeot_028.jpg,37
train/Peugeot/Peugeot_053.jpg,37
train/Peugeot/Peugeot_033.jpg,37
train/Peugeot/Peugeot_076.jpg,37
train/Peugeot/Peugeot_009.jpg,37
train/Peugeot/Peugeot_003.jpg,37
train/Peugeot/Peugeot_054.jpg,37
train/Peugeot/Peugeot_016.jpg,37
train/Peugeot/Peugeot_050.jpg,37
train/Peugeot/Peugeot_085.jpg,37
train/Peugeot/Peugeot_022.jpg,37
train/Peugeot/Peugeot_049.jpg,37
train/Peugeot/Peugeot_055.jpg,37
train/Peugeot/Peugeot_042.jpg,37
train/Peugeot/Peugeot_004.jpg,37
train/Peugeot/Peugeot_078.jpg,37
train/Peugeot/Peugeot_057.jpg,37
train/Peugeot/Peugeot_000.jpg,37
train/Peugeot/Peugeot_082.jpg,37
train/Peugeot/Peugeot_060.jpg,37
train/Peugeot/Peugeot_008.jpg,37
train/Peugeot/Peugeot_002.jpg,37
train/Peugeot/Peugeot_019.jpg,37
train/Peugeot/Peugeot_035.jpg,37
train/Peugeot/Peugeot_030.jpg,37
train/Peugeot/Peugeot_040.jpg,37
train/Peugeot/Peugeot_081.jpg,37
train/Peugeot/Peugeot_071.jpg,37
train/Peugeot/Peugeot_021.jpg,37
train/Mercedes_Benz/Mercedes-Benz_076.jpg,31
train/Mercedes_Benz/Mercedes-Benz_065.jpg,31
train/Mercedes_Benz/Mercedes-Benz_053.jpg,31
train/Mercedes_Benz/Mercedes-Benz_027.jpg,31
train/Mercedes_Benz/Mercedes-Benz_006.jpg,31
train/Mercedes_Benz/Mercedes-Benz_084.jpg,31
train/Mercedes_Benz/Mercedes-Benz_007.jpg,31
train/Mercedes_Benz/Mercedes-Benz_033.jpg,31
train/Mercedes_Benz/Mercedes-Benz_001.jpg,31
train/Mercedes_Benz/Mercedes-Benz_070.jpg,31
train/Mercedes_Benz/Mercedes-Benz_072.jpg,31
train/Mercedes_Benz/Mercedes-Benz_010.jpg,31
train/Mercedes_Benz/Mercedes-Benz_054.jpg,31
train/Mercedes_Benz/Mercedes-Benz_069.jpg,31
train/Mercedes_Benz/Mercedes-Benz_012.jpg,31
train/Mercedes_Benz/Mercedes-Benz_000.jpg,31
train/Mercedes_Benz/Mercedes-Benz_039.jpg,31
train/Mercedes_Benz/Mercedes-Benz_043.jpg,31
train/Mercedes_Benz/Mercedes-Benz_052.jpg,31
train/Mercedes_Benz/Mercedes-Benz_030.jpg,31
train/Mercedes_Benz/Mercedes-Benz_083.jpg,31
train/Mercedes_Benz/Mercedes-Benz_050.jpg,31
train/Mercedes_Benz/Mercedes-Benz_013.jpg,31
train/Mercedes_Benz/Mercedes-Benz_038.jpg,31
train/Mercedes_Benz/Mercedes-Benz_081.jpg,31
train/Mercedes_Benz/Mercedes-Benz_062.jpg,31
train/Mercedes_Benz/Mercedes-Benz_060.jpg,31
train/Mercedes_Benz/Mercedes-Benz_042.jpg,31
train/Mercedes_Benz/Mercedes-Benz_057.jpg,31
train/Mercedes_Benz/Mercedes-Benz_036.jpg,31
train/Mercedes_Benz/Mercedes-Benz_059.jpg,31
train/Mercedes_Benz/Mercedes-Benz_047.jpg,31
train/Mercedes_Benz/Mercedes-Benz_073.jpg,31
train/Mercedes_Benz/Mercedes-Benz_051.jpg,31
train/Mercedes_Benz/Mercedes-Benz_008.jpg,31
train/Mercedes_Benz/Mercedes-Benz_016.jpg,31
train/Mercedes_Benz/Mercedes-Benz_002.jpg,31
train/Mercedes_Benz/Mercedes-Benz_015.jpg,31
train/Mercedes_Benz/Mercedes-Benz_056.jpg,31
train/Mercedes_Benz/Mercedes-Benz_074.jpg,31
train/Mercedes_Benz/Mercedes-Benz_058.jpg,31
train/Mercedes_Benz/Mercedes-Benz_068.jpg,31
train/Mercedes_Benz/Mercedes-Benz_086.jpg,31
train/Mercedes_Benz/Mercedes-Benz_011.jpg,31
train/Mercedes_Benz/Mercedes-Benz_026.jpg,31
train/Mercedes_Benz/Mercedes-Benz_018.jpg,31
train/Mercedes_Benz/Mercedes-Benz_022.jpg,31
train/Mercedes_Benz/Mercedes-Benz_035.jpg,31
train/Mercedes_Benz/Mercedes-Benz_046.jpg,31
train/Mercedes_Benz/Mercedes-Benz_085.jpg,31
train/Mercedes_Benz/Mercedes-Benz_066.jpg,31
train/Mercedes_Benz/Mercedes-Benz_040.jpg,31
train/Mercedes_Benz/Mercedes-Benz_055.jpg,31
train/Mercedes_Benz/Mercedes-Benz_020.jpg,31
train/Mercedes_Benz/Mercedes-Benz_009.jpg,31
train/Mercedes_Benz/Mercedes-Benz_063.jpg,31
train/Mercedes_Benz/Mercedes-Benz_031.jpg,31
train/Mercedes_Benz/Mercedes-Benz_025.jpg,31
train/Mercedes_Benz/Mercedes-Benz_024.jpg,31
train/Mercedes_Benz/Mercedes-Benz_021.jpg,31
train/Mercedes_Benz/Mercedes-Benz_064.jpg,31
train/Mercedes_Benz/Mercedes-Benz_044.jpg,31
train/Mercedes_Benz/Mercedes-Benz_061.jpg,31
train/Mercedes_Benz/Mercedes-Benz_075.jpg,31
train/Mercedes_Benz/Mercedes-Benz_079.jpg,31
train/Mercedes_Benz/Mercedes-Benz_034.jpg,31
train/Mercedes_Benz/Mercedes-Benz_004.jpg,31
train/Mercedes_Benz/Mercedes-Benz_019.jpg,31
train/Mercedes_Benz/Mercedes-Benz_041.jpg,31
train/Mercedes_Benz/Mercedes-Benz_082.jpg,31
train/Mercedes_Benz/Mercedes-Benz_005.jpg,31
train/Mercedes_Benz/Mercedes-Benz_077.jpg,31
train/Mercedes_Benz/Mercedes-Benz_029.jpg,31
train/Mercedes_Benz/Mercedes-Benz_071.jpg,31
train/Mercedes_Benz/Mercedes-Benz_087.jpg,31
train/Mercedes_Benz/Mercedes-Benz_078.jpg,31
train/Mercedes_Benz/Mercedes-Benz_049.jpg,31
train/Mercedes_Benz/Mercedes-Benz_023.jpg,31
train/Mercedes_Benz/Mercedes-Benz_028.jpg,31
train/Mercedes_Benz/Mercedes-Benz_048.jpg,31
train/Mercedes_Benz/Mercedes-Benz_080.jpg,31
train/Mercedes_Benz/Mercedes-Benz_037.jpg,31
train/Mercedes_Benz/Mercedes-Benz_032.jpg,31
train/Mercedes_Benz/Mercedes-Benz_014.jpg,31
train/Toyota/Toyota_054.jpg,47
train/Toyota/Toyota_072.jpg,47
train/Toyota/Toyota_083.jpg,47
train/Toyota/Toyota_003.jpg,47
train/Toyota/Toyota_082.jpg,47
train/Toyota/Toyota_071.jpg,47
train/Toyota/Toyota_050.jpg,47
train/Toyota/Toyota_010.jpg,47
train/Toyota/Toyota_086.jpg,47
train/Toyota/Toyota_006.jpg,47
train/Toyota/Toyota_039.jpg,47
train/Toyota/Toyota_005.jpg,47
train/Toyota/Toyota_019.jpg,47
train/Toyota/Toyota_065.jpg,47
train/Toyota/Toyota_015.jpg,47
train/Toyota/Toyota_066.jpg,47
train/Toyota/Toyota_028.jpg,47
train/Toyota/Toyota_062.jpg,47
train/Toyota/Toyota_025.jpg,47
train/Toyota/Toyota_042.jpg,47
train/Toyota/Toyota_059.jpg,47
train/Toyota/Toyota_056.jpg,47
train/Toyota/Toyota_090.jpg,47
train/Toyota/Toyota_007.jpg,47
train/Toyota/Toyota_080.jpg,47
train/Toyota/Toyota_033.jpg,47
train/Toyota/Toyota_036.jpg,47
train/Toyota/Toyota_041.jpg,47
train/Toyota/Toyota_030.jpg,47
train/Toyota/Toyota_029.jpg,47
train/Toyota/Toyota_023.jpg,47
train/Toyota/Toyota_031.jpg,47
train/Toyota/Toyota_038.jpg,47
train/Toyota/Toyota_017.jpg,47
train/Toyota/Toyota_046.jpg,47
train/Toyota/Toyota_011.jpg,47
train/Toyota/Toyota_022.jpg,47
train/Toyota/Toyota_087.jpg,47
train/Toyota/Toyota_048.jpg,47
train/Toyota/Toyota_057.jpg,47
train/Toyota/Toyota_085.jpg,47
train/Toyota/Toyota_035.jpg,47
train/Toyota/Toyota_027.jpg,47
train/Toyota/Toyota_075.jpg,47
train/Toyota/Toyota_043.jpg,47
train/Toyota/Toyota_014.jpg,47
train/Toyota/Toyota_064.jpg,47
train/Toyota/Toyota_055.jpg,47
train/Toyota/Toyota_074.jpg,47
train/Toyota/Toyota_067.jpg,47
train/Toyota/Toyota_079.jpg,47
train/Toyota/Toyota_040.jpg,47
train/Toyota/Toyota_024.jpg,47
train/Toyota/Toyota_061.jpg,47
train/Toyota/Toyota_091.jpg,47
train/Toyota/Toyota_002.jpg,47
train/Toyota/Toyota_088.jpg,47
train/Toyota/Toyota_053.jpg,47
train/Toyota/Toyota_069.jpg,47
train/Toyota/Toyota_018.jpg,47
train/Toyota/Toyota_012.jpg,47
train/Toyota/Toyota_032.jpg,47
train/Toyota/Toyota_004.jpg,47
train/Toyota/Toyota_009.jpg,47
train/Toyota/Toyota_084.jpg,47
train/Toyota/Toyota_016.jpg,47
train/Toyota/Toyota_045.jpg,47
train/Toyota/Toyota_076.jpg,47
train/Toyota/Toyota_068.jpg,47
train/Toyota/Toyota_021.jpg,47
train/Toyota/Toyota_063.jpg,47
train/Toyota/Toyota_001.jpg,47
train/Toyota/Toyota_070.jpg,47
train/Toyota/Toyota_034.jpg,47
train/Toyota/Toyota_049.jpg,47
train/Toyota/Toyota_060.jpg,47
train/Toyota/Toyota_037.jpg,47
train/Toyota/Toyota_013.jpg,47
train/Toyota/Toyota_058.jpg,47
train/Toyota/Toyota_044.jpg,47
train/Toyota/Toyota_073.jpg,47
train/Toyota/Toyota_078.jpg,47
train/Toyota/Toyota_077.jpg,47
train/Toyota/Toyota_047.jpg,47
train/Toyota/Toyota_020.jpg,47
train/Toyota/Toyota_051.jpg,47
train/Toyota/Toyota_081.jpg,47
train/Toyota/Toyota_008.jpg,47
train/Aston_Martin/Aston_Martin_017.jpg,2
train/Aston_Martin/Aston_Martin_019.jpg,2
train/Aston_Martin/Aston_Martin_080.jpg,2
train/Aston_Martin/Aston_Martin_001.jpg,2
train/Aston_Martin/Aston_Martin_027.jpg,2
train/Aston_Martin/Aston_Martin_066.jpg,2
train/Aston_Martin/Aston_Martin_044.jpg,2
train/Aston_Martin/Aston_Martin_003.jpg,2
train/Aston_Martin/Aston_Martin_054.jpg,2
train/Aston_Martin/Aston_Martin_005.jpg,2
train/Aston_Martin/Aston_Martin_059.jpg,2
train/Aston_Martin/Aston_Martin_074.jpg,2
train/Aston_Martin/Aston_Martin_052.jpg,2
train/Aston_Martin/Aston_Martin_081.jpg,2
train/Aston_Martin/Aston_Martin_030.jpg,2
train/Aston_Martin/Aston_Martin_083.jpg,2
train/Aston_Martin/Aston_Martin_072.jpg,2
train/Aston_Martin/Aston_Martin_016.jpg,2
train/Aston_Martin/Aston_Martin_061.jpg,2
train/Aston_Martin/Aston_Martin_071.jpg,2
train/Aston_Martin/Aston_Martin_082.jpg,2
train/Aston_Martin/Aston_Martin_021.jpg,2
train/Aston_Martin/Aston_Martin_007.jpg,2
train/Aston_Martin/Aston_Martin_034.jpg,2
train/Aston_Martin/Aston_Martin_060.jpg,2
train/Aston_Martin/Aston_Martin_086.jpg,2
train/Aston_Martin/Aston_Martin_057.jpg,2
train/Aston_Martin/Aston_Martin_040.jpg,2
train/Aston_Martin/Aston_Martin_085.jpg,2
train/Aston_Martin/Aston_Martin_051.jpg,2
train/Aston_Martin/Aston_Martin_026.jpg,2
train/Aston_Martin/Aston_Martin_042.jpg,2
train/Aston_Martin/Aston_Martin_088.jpg,2
train/Aston_Martin/Aston_Martin_020.jpg,2
train/Aston_Martin/Aston_Martin_043.jpg,2
train/Aston_Martin/Aston_Martin_046.jpg,2
train/Aston_Martin/Aston_Martin_079.jpg,2
train/Aston_Martin/Aston_Martin_063.jpg,2
train/Aston_Martin/Aston_Martin_067.jpg,2
train/Aston_Martin/Aston_Martin_024.jpg,2
train/Aston_Martin/Aston_Martin_078.jpg,2
train/Aston_Martin/Aston_Martin_073.jpg,2
train/Aston_Martin/Aston_Martin_029.jpg,2
train/Aston_Martin/Aston_Martin_084.jpg,2
train/Aston_Martin/Aston_Martin_010.jpg,2
train/Aston_Martin/Aston_Martin_064.jpg,2
train/Aston_Martin/Aston_Martin_058.jpg,2
train/Aston_Martin/Aston_Martin_077.jpg,2
train/Aston_Martin/Aston_Martin_075.jpg,2
train/Aston_Martin/Aston_Martin_038.jpg,2
train/Aston_Martin/Aston_Martin_033.jpg,2
train/Aston_Martin/Aston_Martin_015.jpg,2
train/Aston_Martin/Aston_Martin_050.jpg,2
train/Aston_Martin/Aston_Martin_068.jpg,2
train/Aston_Martin/Aston_Martin_012.jpg,2
train/Aston_Martin/Aston_Martin_089.jpg,2
train/Aston_Martin/Aston_Martin_055.jpg,2
train/Aston_Martin/Aston_Martin_035.jpg,2
train/Aston_Martin/Aston_Martin_009.jpg,2
train/Aston_Martin/Aston_Martin_037.jpg,2
train/Aston_Martin/Aston_Martin_032.jpg,2
train/Aston_Martin/Aston_Martin_087.jpg,2
train/Aston_Martin/Aston_Martin_049.jpg,2
train/Aston_Martin/Aston_Martin_013.jpg,2
train/Aston_Martin/Aston_Martin_076.jpg,2
train/Aston_Martin/Aston_Martin_008.jpg,2
train/Aston_Martin/Aston_Martin_070.jpg,2
train/Aston_Martin/Aston_Martin_053.jpg,2
train/Aston_Martin/Aston_Martin_028.jpg,2
train/Aston_Martin/Aston_Martin_069.jpg,2
train/Aston_Martin/Aston_Martin_025.jpg,2
train/Aston_Martin/Aston_Martin_065.jpg,2
train/Aston_Martin/Aston_Martin_006.jpg,2
train/Aston_Martin/Aston_Martin_048.jpg,2
train/Aston_Martin/Aston_Martin_090.jpg,2
train/Aston_Martin/Aston_Martin_036.jpg,2
train/Aston_Martin/Aston_Martin_011.jpg,2
train/Aston_Martin/Aston_Martin_047.jpg,2
train/Aston_Martin/Aston_Martin_039.jpg,2
train/Aston_Martin/Aston_Martin_023.jpg,2
train/Aston_Martin/Aston_Martin_000.jpg,2
train/Aston_Martin/Aston_Martin_041.jpg,2
train/Aston_Martin/Aston_Martin_002.jpg,2
train/Aston_Martin/Aston_Martin_062.jpg,2
train/Aston_Martin/Aston_Martin_022.jpg,2
train/Aston_Martin/Aston_Martin_018.jpg,2
train/Aston_Martin/Aston_Martin_004.jpg,2
train/Pontiac/Pontiac_068.jpg,38
train/Pontiac/Pontiac_019.jpg,38
train/Pontiac/Pontiac_061.jpg,38
train/Pontiac/Pontiac_063.jpg,38
train/Pontiac/Pontiac_093.jpg,38
train/Pontiac/Pontiac_005.jpg,38
train/Pontiac/Pontiac_022.jpg,38
train/Pontiac/Pontiac_010.jpg,38
train/Pontiac/Pontiac_004.jpg,38
train/Pontiac/Pontiac_076.jpg,38
train/Pontiac/Pontiac_038.jpg,38
train/Pontiac/Pontiac_052.jpg,38
train/Pontiac/Pontiac_049.jpg,38
train/Pontiac/Pontiac_039.jpg,38
train/Pontiac/Pontiac_043.jpg,38
train/Pontiac/Pontiac_031.jpg,38
train/Pontiac/Pontiac_085.jpg,38
train/Pontiac/Pontiac_070.jpg,38
train/Pontiac/Pontiac_054.jpg,38
train/Pontiac/Pontiac_000.jpg,38
train/Pontiac/Pontiac_037.jpg,38
train/Pontiac/Pontiac_009.jpg,38
train/Pontiac/Pontiac_067.jpg,38
train/Pontiac/Pontiac_007.jpg,38
train/Pontiac/Pontiac_090.jpg,38
train/Pontiac/Pontiac_091.jpg,38
train/Pontiac/Pontiac_066.jpg,38
train/Pontiac/Pontiac_075.jpg,38
train/Pontiac/Pontiac_042.jpg,38
train/Pontiac/Pontiac_089.jpg,38
train/Pontiac/Pontiac_030.jpg,38
train/Pontiac/Pontiac_078.jpg,38
train/Pontiac/Pontiac_021.jpg,38
train/Pontiac/Pontiac_077.jpg,38
train/Pontiac/Pontiac_002.jpg,38
train/Pontiac/Pontiac_024.jpg,38
train/Pontiac/Pontiac_041.jpg,38
train/Pontiac/Pontiac_012.jpg,38
train/Pontiac/Pontiac_053.jpg,38
train/Pontiac/Pontiac_080.jpg,38
train/Pontiac/Pontiac_001.jpg,38
train/Pontiac/Pontiac_081.jpg,38
train/Pontiac/Pontiac_084.jpg,38
train/Pontiac/Pontiac_023.jpg,38
train/Pontiac/Pontiac_028.jpg,38
train/Pontiac/Pontiac_083.jpg,38
train/Pontiac/Pontiac_014.jpg,38
train/Pontiac/Pontiac_027.jpg,38
train/Pontiac/Pontiac_013.jpg,38
train/Pontiac/Pontiac_045.jpg,38
train/Pontiac/Pontiac_088.jpg,38
train/Pontiac/Pontiac_069.jpg,38
train/Pontiac/Pontiac_029.jpg,38
train/Pontiac/Pontiac_047.jpg,38
train/Pontiac/Pontiac_003.jpg,38
train/Pontiac/Pontiac_035.jpg,38
train/Pontiac/Pontiac_074.jpg,38
train/Pontiac/Pontiac_026.jpg,38
train/Pontiac/Pontiac_033.jpg,38
train/Pontiac/Pontiac_017.jpg,38
train/Pontiac/Pontiac_048.jpg,38
train/Pontiac/Pontiac_073.jpg,38
train/Pontiac/Pontiac_025.jpg,38
train/Pontiac/Pontiac_036.jpg,38
train/Pontiac/Pontiac_064.jpg,38
train/Pontiac/Pontiac_008.jpg,38
train/Pontiac/Pontiac_060.jpg,38
train/Pontiac/Pontiac_082.jpg,38
train/Pontiac/Pontiac_071.jpg,38
train/Pontiac/Pontiac_057.jpg,38
train/Pontiac/Pontiac_050.jpg,38
train/Pontiac/Pontiac_055.jpg,38
train/Pontiac/Pontiac_072.jpg,38
train/Pontiac/Pontiac_034.jpg,38
train/Pontiac/Pontiac_051.jpg,38
train/Pontiac/Pontiac_018.jpg,38
train/Pontiac/Pontiac_015.jpg,38
train/Pontiac/Pontiac_032.jpg,38
train/Pontiac/Pontiac_059.jpg,38
train/Pontiac/Pontiac_058.jpg,38
train/Pontiac/Pontiac_046.jpg,38
train/Pontiac/Pontiac_020.jpg,38
train/Pontiac/Pontiac_092.jpg,38
train/Pontiac/Pontiac_044.jpg,38
train/Pontiac/Pontiac_040.jpg,38
train/Pontiac/Pontiac_006.jpg,38
train/Pontiac/Pontiac_011.jpg,38
train/Pontiac/Pontiac_086.jpg,38
train/Pontiac/Pontiac_056.jpg,38
train/Pontiac/Pontiac_087.jpg,38
train/Buick/Buick_014.jpg,7
train/Buick/Buick_078.jpg,7
train/Buick/Buick_015.jpg,7
train/Buick/Buick_086.jpg,7
train/Buick/Buick_077.jpg,7
train/Buick/Buick_083.jpg,7
train/Buick/Buick_032.jpg,7
train/Buick/Buick_090.jpg,7
train/Buick/Buick_004.jpg,7
train/Buick/Buick_038.jpg,7
train/Buick/Buick_016.jpg,7
train/Buick/Buick_091.jpg,7
train/Buick/Buick_055.jpg,7
train/Buick/Buick_039.jpg,7
train/Buick/Buick_081.jpg,7
train/Buick/Buick_089.jpg,7
train/Buick/Buick_003.jpg,7
train/Buick/Buick_087.jpg,7
train/Buick/Buick_056.jpg,7
train/Buick/Buick_072.jpg,7
train/Buick/Buick_006.jpg,7
train/Buick/Buick_013.jpg,7
train/Buick/Buick_021.jpg,7
train/Buick/Buick_065.jpg,7
train/Buick/Buick_035.jpg,7
train/Buick/Buick_071.jpg,7
train/Buick/Buick_000.jpg,7
train/Buick/Buick_062.jpg,7
train/Buick/Buick_053.jpg,7
train/Buick/Buick_041.jpg,7
train/Buick/Buick_008.jpg,7
train/Buick/Buick_079.jpg,7
train/Buick/Buick_092.jpg,7
train/Buick/Buick_030.jpg,7
train/Buick/Buick_060.jpg,7
train/Buick/Buick_027.jpg,7
train/Buick/Buick_067.jpg,7
train/Buick/Buick_070.jpg,7
train/Buick/Buick_076.jpg,7
train/Buick/Buick_082.jpg,7
train/Buick/Buick_061.jpg,7
train/Buick/Buick_023.jpg,7
train/Buick/Buick_012.jpg,7
train/Buick/Buick_074.jpg,7
train/Buick/Buick_084.jpg,7
train/Buick/Buick_037.jpg,7
train/Buick/Buick_028.jpg,7
train/Buick/Buick_051.jpg,7
train/Buick/Buick_050.jpg,7
train/Buick/Buick_007.jpg,7
train/Buick/Buick_052.jpg,7
train/Buick/Buick_009.jpg,7
train/Buick/Buick_036.jpg,7
train/Buick/Buick_020.jpg,7
train/Buick/Buick_063.jpg,7
train/Buick/Buick_073.jpg,7
train/Buick/Buick_058.jpg,7
train/Buick/Buick_022.jpg,7
train/Buick/Buick_025.jpg,7
train/Buick/Buick_002.jpg,7
train/Buick/Buick_044.jpg,7
train/Buick/Buick_064.jpg,7
train/Buick/Buick_075.jpg,7
train/Buick/Buick_066.jpg,7
train/Buick/Buick_010.jpg,7
train/Buick/Buick_033.jpg,7
train/Buick/Buick_054.jpg,7
train/Buick/Buick_042.jpg,7
train/Buick/Buick_088.jpg,7
train/Buick/Buick_019.jpg,7
train/Buick/Buick_001.jpg,7
train/Buick/Buick_034.jpg,7
train/Buick/Buick_085.jpg,7
train/Buick/Buick_043.jpg,7
train/Buick/Buick_031.jpg,7
train/Buick/Buick_026.jpg,7
train/Buick/Buick_080.jpg,7
train/Buick/Buick_069.jpg,7
train/Buick/Buick_048.jpg,7
train/Buick/Buick_018.jpg,7
train/Buick/Buick_045.jpg,7
train/Buick/Buick_046.jpg,7
train/Buick/Buick_024.jpg,7
train/Buick/Buick_005.jpg,7
train/Buick/Buick_068.jpg,7
train/Buick/Buick_040.jpg,7
train/Buick/Buick_029.jpg,7
train/Buick/Buick_057.jpg,7
train/Buick/Buick_011.jpg,7
train/Renault/Renault_031.jpg,41
train/Renault/Renault_085.jpg,41
train/Renault/Renault_040.jpg,41
train/Renault/Renault_032.jpg,41
train/Renault/Renault_016.jpg,41
train/Renault/Renault_012.jpg,41
train/Renault/Renault_067.jpg,41
train/Renault/Renault_072.jpg,41
train/Renault/Renault_051.jpg,41
train/Renault/Renault_017.jpg,41
train/Renault/Renault_056.jpg,41
train/Renault/Renault_045.jpg,41
train/Renault/Renault_019.jpg,41
train/Renault/Renault_001.jpg,41
train/Renault/Renault_080.jpg,41
train/Renault/Renault_057.jpg,41
train/Renault/Renault_054.jpg,41
train/Renault/Renault_048.jpg,41
train/Renault/Renault_011.jpg,41
train/Renault/Renault_003.jpg,41
train/Renault/Renault_065.jpg,41
train/Renault/Renault_034.jpg,41
train/Renault/Renault_026.jpg,41
train/Renault/Renault_021.jpg,41
train/Renault/Renault_064.jpg,41
train/Renault/Renault_033.jpg,41
train/Renault/Renault_061.jpg,41
train/Renault/Renault_007.jpg,41
train/Renault/Renault_035.jpg,41
train/Renault/Renault_068.jpg,41
train/Renault/Renault_014.jpg,41
train/Renault/Renault_005.jpg,41
train/Renault/Renault_018.jpg,41
train/Renault/Renault_046.jpg,41
train/Renault/Renault_036.jpg,41
train/Renault/Renault_063.jpg,41
train/Renault/Renault_082.jpg,41
train/Renault/Renault_039.jpg,41
train/Renault/Renault_009.jpg,41
train/Renault/Renault_041.jpg,41
train/Renault/Renault_069.jpg,41
train/Renault/Renault_047.jpg,41
train/Renault/Renault_020.jpg,41
train/Renault/Renault_002.jpg,41
train/Renault/Renault_049.jpg,41
train/Renault/Renault_006.jpg,41
train/Renault/Renault_078.jpg,41
train/Renault/Renault_000.jpg,41
train/Renault/Renault_038.jpg,41
train/Renault/Renault_075.jpg,41
train/Renault/Renault_074.jpg,41
train/Renault/Renault_010.jpg,41
train/Renault/Renault_053.jpg,41
train/Renault/Renault_081.jpg,41
train/Renault/Renault_027.jpg,41
train/Renault/Renault_028.jpg,41
train/Renault/Renault_060.jpg,41
train/Renault/Renault_070.jpg,41
train/Renault/Renault_029.jpg,41
train/Renault/Renault_055.jpg,41
train/Renault/Renault_025.jpg,41
train/Renault/Renault_086.jpg,41
train/Renault/Renault_084.jpg,41
train/Renault/Renault_071.jpg,41
train/Renault/Renault_037.jpg,41
train/Renault/Renault_022.jpg,41
train/Renault/Renault_013.jpg,41
train/Renault/Renault_042.jpg,41
train/Renault/Renault_050.jpg,41
train/Renault/Renault_076.jpg,41
train/Renault/Renault_077.jpg,41
train/Renault/Renault_062.jpg,41
train/Renault/Renault_023.jpg,41
train/Renault/Renault_024.jpg,41
train/Renault/Renault_058.jpg,41
train/Renault/Renault_052.jpg,41
train/Renault/Renault_043.jpg,41
train/Renault/Renault_073.jpg,41
train/Renault/Renault_059.jpg,41
train/Renault/Renault_008.jpg,41
train/Renault/Renault_030.jpg,41
train/Renault/Renault_083.jpg,41
train/Renault/Renault_066.jpg,41
train/Audi/Audi_078.jpg,3
train/Audi/Audi_070.jpg,3
train/Audi/Audi_024.jpg,3
train/Audi/Audi_036.jpg,3
train/Audi/Audi_013.jpg,3
train/Audi/Audi_062.jpg,3
train/Audi/Audi_034.jpg,3
train/Audi/Audi_015.jpg,3
train/Audi/Audi_065.jpg,3
train/Audi/Audi_077.jpg,3
train/Audi/Audi_057.jpg,3
train/Audi/Audi_049.jpg,3
train/Audi/Audi_027.jpg,3
train/Audi/Audi_048.jpg,3
train/Audi/Audi_046.jpg,3
train/Audi/Audi_019.jpg,3
train/Audi/Audi_004.jpg,3
train/Audi/Audi_082.jpg,3
train/Audi/Audi_022.jpg,3
train/Audi/Audi_085.jpg,3
train/Audi/Audi_081.jpg,3
train/Audi/Audi_053.jpg,3
train/Audi/Audi_042.jpg,3
train/Audi/Audi_055.jpg,3
train/Audi/Audi_051.jpg,3
train/Audi/Audi_050.jpg,3
train/Audi/Audi_040.jpg,3
train/Audi/Audi_052.jpg,3
train/Audi/Audi_037.jpg,3
train/Audi/Audi_035.jpg,3
train/Audi/Audi_002.jpg,3
train/Audi/Audi_005.jpg,3
train/Audi/Audi_039.jpg,3
train/Audi/Audi_030.jpg,3
train/Audi/Audi_061.jpg,3
train/Audi/Audi_066.jpg,3
train/Audi/Audi_054.jpg,3
train/Audi/Audi_044.jpg,3
train/Audi/Audi_018.jpg,3
train/Audi/Audi_074.jpg,3
train/Audi/Audi_071.jpg,3
train/Audi/Audi_028.jpg,3
train/Audi/Audi_032.jpg,3
train/Audi/Audi_011.jpg,3
train/Audi/Audi_010.jpg,3
train/Audi/Audi_083.jpg,3
train/Audi/Audi_000.jpg,3
train/Audi/Audi_084.jpg,3
train/Audi/Audi_076.jpg,3
train/Audi/Audi_020.jpg,3
train/Audi/Audi_047.jpg,3
train/Audi/Audi_063.jpg,3
train/Audi/Audi_075.jpg,3
train/Audi/Audi_031.jpg,3
train/Audi/Audi_059.jpg,3
train/Audi/Audi_026.jpg,3
train/Audi/Audi_080.jpg,3
train/Audi/Audi_056.jpg,3
train/Audi/Audi_067.jpg,3
train/Audi/Audi_014.jpg,3
train/Audi/Audi_079.jpg,3
train/Audi/Audi_038.jpg,3
train/Audi/Audi_023.jpg,3
train/Audi/Audi_012.jpg,3
train/Audi/Audi_064.jpg,3
train/Audi/Audi_006.jpg,3
train/Audi/Audi_033.jpg,3
train/Audi/Audi_072.jpg,3
train/Audi/Audi_058.jpg,3
train/Audi/Audi_025.jpg,3
train/Audi/Audi_029.jpg,3
train/Audi/Audi_068.jpg,3
train/Audi/Audi_009.jpg,3
train/Audi/Audi_041.jpg,3
train/Audi/Audi_007.jpg,3
train/Audi/Audi_017.jpg,3
train/Audi/Audi_021.jpg,3
train/Audi/Audi_060.jpg,3
train/Audi/Audi_003.jpg,3
train/Audi/Audi_001.jpg,3
train/Audi/Audi_069.jpg,3
train/Audi/Audi_073.jpg,3
train/Oldsmobile/Oldsmobile_074.jpg,36
train/Oldsmobile/Oldsmobile_038.jpg,36
train/Oldsmobile/Oldsmobile_037.jpg,36
train/Oldsmobile/Oldsmobile_046.jpg,36
train/Oldsmobile/Oldsmobile_088.jpg,36
train/Oldsmobile/Oldsmobile_050.jpg,36
train/Oldsmobile/Oldsmobile_099.jpg,36
train/Oldsmobile/Oldsmobile_043.jpg,36
train/Oldsmobile/Oldsmobile_063.jpg,36
train/Oldsmobile/Oldsmobile_071.jpg,36
train/Oldsmobile/Oldsmobile_061.jpg,36
train/Oldsmobile/Oldsmobile_062.jpg,36
train/Oldsmobile/Oldsmobile_042.jpg,36
train/Oldsmobile/Oldsmobile_056.jpg,36
train/Oldsmobile/Oldsmobile_027.jpg,36
train/Oldsmobile/Oldsmobile_048.jpg,36
train/Oldsmobile/Oldsmobile_015.jpg,36
train/Oldsmobile/Oldsmobile_007.jpg,36
train/Oldsmobile/Oldsmobile_058.jpg,36
train/Oldsmobile/Oldsmobile_101.jpg,36
train/Oldsmobile/Oldsmobile_095.jpg,36
train/Oldsmobile/Oldsmobile_070.jpg,36
train/Oldsmobile/Oldsmobile_076.jpg,36
train/Oldsmobile/Oldsmobile_055.jpg,36
train/Oldsmobile/Oldsmobile_066.jpg,36
train/Oldsmobile/Oldsmobile_064.jpg,36
train/Oldsmobile/Oldsmobile_065.jpg,36
train/Oldsmobile/Oldsmobile_022.jpg,36
train/Oldsmobile/Oldsmobile_001.jpg,36
train/Oldsmobile/Oldsmobile_059.jpg,36
train/Oldsmobile/Oldsmobile_041.jpg,36
train/Oldsmobile/Oldsmobile_012.jpg,36
train/Oldsmobile/Oldsmobile_009.jpg,36
train/Oldsmobile/Oldsmobile_089.jpg,36
train/Oldsmobile/Oldsmobile_019.jpg,36
train/Oldsmobile/Oldsmobile_035.jpg,36
train/Oldsmobile/Oldsmobile_034.jpg,36
train/Oldsmobile/Oldsmobile_016.jpg,36
train/Oldsmobile/Oldsmobile_083.jpg,36
train/Oldsmobile/Oldsmobile_029.jpg,36
train/Oldsmobile/Oldsmobile_028.jpg,36
train/Oldsmobile/Oldsmobile_093.jpg,36
train/Oldsmobile/Oldsmobile_084.jpg,36
train/Oldsmobile/Oldsmobile_018.jpg,36
train/Oldsmobile/Oldsmobile_026.jpg,36
train/Oldsmobile/Oldsmobile_100.jpg,36
train/Oldsmobile/Oldsmobile_049.jpg,36
train/Oldsmobile/Oldsmobile_036.jpg,36
train/Oldsmobile/Oldsmobile_032.jpg,36
train/Oldsmobile/Oldsmobile_040.jpg,36
train/Oldsmobile/Oldsmobile_073.jpg,36
train/Oldsmobile/Oldsmobile_060.jpg,36
train/Oldsmobile/Oldsmobile_067.jpg,36
train/Oldsmobile/Oldsmobile_021.jpg,36
train/Oldsmobile/Oldsmobile_051.jpg,36
train/Oldsmobile/Oldsmobile_087.jpg,36
train/Oldsmobile/Oldsmobile_097.jpg,36
train/Oldsmobile/Oldsmobile_098.jpg,36
train/Oldsmobile/Oldsmobile_052.jpg,36
train/Oldsmobile/Oldsmobile_017.jpg,36
train/Oldsmobile/Oldsmobile_006.jpg,36
train/Oldsmobile/Oldsmobile_075.jpg,36
train/Oldsmobile/Oldsmobile_080.jpg,36
train/Oldsmobile/Oldsmobile_008.jpg,36
train/Oldsmobile/Oldsmobile_010.jpg,36
train/Oldsmobile/Oldsmobile_091.jpg,36
train/Oldsmobile/Oldsmobile_004.jpg,36
train/Oldsmobile/Oldsmobile_078.jpg,36
train/Oldsmobile/Oldsmobile_096.jpg,36
train/Oldsmobile/Oldsmobile_044.jpg,36
train/Oldsmobile/Oldsmobile_069.jpg,36
train/Oldsmobile/Oldsmobile_039.jpg,36
train/Oldsmobile/Oldsmobile_082.jpg,36
train/Oldsmobile/Oldsmobile_014.jpg,36
train/Oldsmobile/Oldsmobile_085.jpg,36
train/Oldsmobile/Oldsmobile_090.jpg,36
train/Oldsmobile/Oldsmobile_053.jpg,36
train/Oldsmobile/Oldsmobile_081.jpg,36
train/Oldsmobile/Oldsmobile_011.jpg,36
train/Oldsmobile/Oldsmobile_005.jpg,36
train/Oldsmobile/Oldsmobile_094.jpg,36
train/Oldsmobile/Oldsmobile_079.jpg,36
train/Oldsmobile/Oldsmobile_030.jpg,36
train/Oldsmobile/Oldsmobile_031.jpg,36
train/Oldsmobile/Oldsmobile_002.jpg,36
train/Oldsmobile/Oldsmobile_086.jpg,36
train/Oldsmobile/Oldsmobile_047.jpg,36
train/Oldsmobile/Oldsmobile_068.jpg,36
train/Oldsmobile/Oldsmobile_033.jpg,36
train/Oldsmobile/Oldsmobile_057.jpg,36
train/Oldsmobile/Oldsmobile_045.jpg,36
train/Oldsmobile/Oldsmobile_072.jpg,36
train/Oldsmobile/Oldsmobile_020.jpg,36
train/Oldsmobile/Oldsmobile_077.jpg,36
train/Oldsmobile/Oldsmobile_024.jpg,36
train/Oldsmobile/Oldsmobile_000.jpg,36
train/Oldsmobile/Oldsmobile_023.jpg,36
train/Oldsmobile/Oldsmobile_003.jpg,36
train/Suzuki/Suzuki_038.jpg,45
train/Suzuki/Suzuki_064.jpg,45
train/Suzuki/Suzuki_046.jpg,45
train/Suzuki/Suzuki_080.jpg,45
train/Suzuki/Suzuki_028.jpg,45
train/Suzuki/Suzuki_020.jpg,45
train/Suzuki/Suzuki_025.jpg,45
train/Suzuki/Suzuki_014.jpg,45
train/Suzuki/Suzuki_079.jpg,45
train/Suzuki/Suzuki_065.jpg,45
train/Suzuki/Suzuki_033.jpg,45
train/Suzuki/Suzuki_058.jpg,45
train/Suzuki/Suzuki_073.jpg,45
train/Suzuki/Suzuki_000.jpg,45
train/Suzuki/Suzuki_027.jpg,45
train/Suzuki/Suzuki_007.jpg,45
train/Suzuki/Suzuki_017.jpg,45
train/Suzuki/Suzuki_044.jpg,45
train/Suzuki/Suzuki_062.jpg,45
train/Suzuki/Suzuki_047.jpg,45
train/Suzuki/Suzuki_016.jpg,45
train/Suzuki/Suzuki_042.jpg,45
train/Suzuki/Suzuki_048.jpg,45
train/Suzuki/Suzuki_021.jpg,45
train/Suzuki/Suzuki_039.jpg,45
train/Suzuki/Suzuki_083.jpg,45
train/Suzuki/Suzuki_059.jpg,45
train/Suzuki/Suzuki_005.jpg,45
train/Suzuki/Suzuki_060.jpg,45
train/Suzuki/Suzuki_040.jpg,45
train/Suzuki/Suzuki_023.jpg,45
train/Suzuki/Suzuki_057.jpg,45
train/Suzuki/Suzuki_090.jpg,45
train/Suzuki/Suzuki_075.jpg,45
train/Suzuki/Suzuki_029.jpg,45
train/Suzuki/Suzuki_086.jpg,45
train/Suzuki/Suzuki_012.jpg,45
train/Suzuki/Suzuki_071.jpg,45
train/Suzuki/Suzuki_089.jpg,45
train/Suzuki/Suzuki_069.jpg,45
train/Suzuki/Suzuki_084.jpg,45
train/Suzuki/Suzuki_010.jpg,45
train/Suzuki/Suzuki_053.jpg,45
train/Suzuki/Suzuki_068.jpg,45
train/Suzuki/Suzuki_077.jpg,45
train/Suzuki/Suzuki_041.jpg,45
train/Suzuki/Suzuki_087.jpg,45
train/Suzuki/Suzuki_026.jpg,45
train/Suzuki/Suzuki_072.jpg,45
train/Suzuki/Suzuki_070.jpg,45
train/Suzuki/Suzuki_006.jpg,45
train/Suzuki/Suzuki_004.jpg,45
train/Suzuki/Suzuki_078.jpg,45
train/Suzuki/Suzuki_074.jpg,45
train/Suzuki/Suzuki_076.jpg,45
train/Suzuki/Suzuki_061.jpg,45
train/Suzuki/Suzuki_037.jpg,45
train/Suzuki/Suzuki_001.jpg,45
train/Suzuki/Suzuki_019.jpg,45
train/Suzuki/Suzuki_055.jpg,45
train/Suzuki/Suzuki_008.jpg,45
train/Suzuki/Suzuki_035.jpg,45
train/Suzuki/Suzuki_015.jpg,45
train/Suzuki/Suzuki_063.jpg,45
train/Suzuki/Suzuki_045.jpg,45
train/Suzuki/Suzuki_066.jpg,45
train/Suzuki/Suzuki_056.jpg,45
train/Suzuki/Suzuki_031.jpg,45
train/Suzuki/Suzuki_002.jpg,45
train/Suzuki/Suzuki_091.jpg,45
train/Suzuki/Suzuki_013.jpg,45
train/Suzuki/Suzuki_051.jpg,45
train/Suzuki/Suzuki_034.jpg,45
train/Suzuki/Suzuki_067.jpg,45
train/Suzuki/Suzuki_049.jpg,45
train/Suzuki/Suzuki_052.jpg,45
train/Suzuki/Suzuki_085.jpg,45
train/Suzuki/Suzuki_082.jpg,45
train/Suzuki/Suzuki_054.jpg,45
train/Suzuki/Suzuki_050.jpg,45
train/Suzuki/Suzuki_043.jpg,45
train/Suzuki/Suzuki_009.jpg,45
train/Suzuki/Suzuki_032.jpg,45
train/Suzuki/Suzuki_022.jpg,45
train/Suzuki/Suzuki_092.jpg,45
train/Suzuki/Suzuki_024.jpg,45
train/Suzuki/Suzuki_088.jpg,45
train/Suzuki/Suzuki_036.jpg,45
train/Suzuki/Suzuki_011.jpg,45
train/Suzuki/Suzuki_081.jpg,45
train/Hyundai/Hyundai_039.jpg,21
train/Hyundai/Hyundai_082.jpg,21
train/Hyundai/Hyundai_078.jpg,21
train/Hyundai/Hyundai_070.jpg,21
train/Hyundai/Hyundai_018.jpg,21
train/Hyundai/Hyundai_044.jpg,21
train/Hyundai/Hyundai_007.jpg,21
train/Hyundai/Hyundai_004.jpg,21
train/Hyundai/Hyundai_035.jpg,21
train/Hyundai/Hyundai_086.jpg,21
train/Hyundai/Hyundai_022.jpg,21
train/Hyundai/Hyundai_028.jpg,21
train/Hyundai/Hyundai_073.jpg,21
train/Hyundai/Hyundai_083.jpg,21
train/Hyundai/Hyundai_014.jpg,21
train/Hyundai/Hyundai_013.jpg,21
train/Hyundai/Hyundai_085.jpg,21
train/Hyundai/Hyundai_008.jpg,21
train/Hyundai/Hyundai_011.jpg,21
train/Hyundai/Hyundai_061.jpg,21
train/Hyundai/Hyundai_005.jpg,21
train/Hyundai/Hyundai_064.jpg,21
train/Hyundai/Hyundai_031.jpg,21
train/Hyundai/Hyundai_048.jpg,21
train/Hyundai/Hyundai_077.jpg,21
train/Hyundai/Hyundai_060.jpg,21
train/Hyundai/Hyundai_047.jpg,21
train/Hyundai/Hyundai_046.jpg,21
train/Hyundai/Hyundai_023.jpg,21
train/Hyundai/Hyundai_012.jpg,21
train/Hyundai/Hyundai_087.jpg,21
train/Hyundai/Hyundai_032.jpg,21
train/Hyundai/Hyundai_006.jpg,21
train/Hyundai/Hyundai_051.jpg,21
train/Hyundai/Hyundai_069.jpg,21
train/Hyundai/Hyundai_062.jpg,21
train/Hyundai/Hyundai_068.jpg,21
train/Hyundai/Hyundai_000.jpg,21
train/Hyundai/Hyundai_088.jpg,21
train/Hyundai/Hyundai_019.jpg,21
train/Hyundai/Hyundai_020.jpg,21
train/Hyundai/Hyundai_074.jpg,21
train/Hyundai/Hyundai_001.jpg,21
train/Hyundai/Hyundai_002.jpg,21
train/Hyundai/Hyundai_053.jpg,21
train/Hyundai/Hyundai_025.jpg,21
train/Hyundai/Hyundai_030.jpg,21
train/Hyundai/Hyundai_017.jpg,21
train/Hyundai/Hyundai_081.jpg,21
train/Hyundai/Hyundai_027.jpg,21
train/Hyundai/Hyundai_010.jpg,21
train/Hyundai/Hyundai_079.jpg,21
train/Hyundai/Hyundai_026.jpg,21
train/Hyundai/Hyundai_056.jpg,21
train/Hyundai/Hyundai_043.jpg,21
train/Hyundai/Hyundai_076.jpg,21
train/Hyundai/Hyundai_071.jpg,21
train/Hyundai/Hyundai_036.jpg,21
train/Hyundai/Hyundai_021.jpg,21
train/Hyundai/Hyundai_065.jpg,21
train/Hyundai/Hyundai_033.jpg,21
train/Hyundai/Hyundai_042.jpg,21
train/Hyundai/Hyundai_015.jpg,21
train/Hyundai/Hyundai_041.jpg,21
train/Hyundai/Hyundai_029.jpg,21
train/Hyundai/Hyundai_024.jpg,21
train/Hyundai/Hyundai_052.jpg,21
train/Hyundai/Hyundai_075.jpg,21
train/Hyundai/Hyundai_089.jpg,21
train/Hyundai/Hyundai_057.jpg,21
train/Hyundai/Hyundai_059.jpg,21
train/Hyundai/Hyundai_066.jpg,21
train/Hyundai/Hyundai_067.jpg,21
train/Hyundai/Hyundai_003.jpg,21
train/Hyundai/Hyundai_016.jpg,21
train/Hyundai/Hyundai_034.jpg,21
train/Hyundai/Hyundai_045.jpg,21
train/Hyundai/Hyundai_037.jpg,21
train/Hyundai/Hyundai_038.jpg,21
train/Hyundai/Hyundai_009.jpg,21
train/Hyundai/Hyundai_054.jpg,21
train/Hyundai/Hyundai_050.jpg,21
train/Hyundai/Hyundai_040.jpg,21
train/Hyundai/Hyundai_058.jpg,21
train/Hyundai/Hyundai_049.jpg,21
train/Hyundai/Hyundai_072.jpg,21
train/Bugatti/Bugatti_053.jpg,6
train/Bugatti/Bugatti_062.jpg,6
train/Bugatti/Bugatti_021.jpg,6
train/Bugatti/Bugatti_017.jpg,6
train/Bugatti/Bugatti_047.jpg,6
train/Bugatti/Bugatti_073.jpg,6
train/Bugatti/Bugatti_045.jpg,6
train/Bugatti/Bugatti_035.jpg,6
train/Bugatti/Bugatti_013.jpg,6
train/Bugatti/Bugatti_071.jpg,6
train/Bugatti/Bugatti_038.jpg,6
train/Bugatti/Bugatti_027.jpg,6
train/Bugatti/Bugatti_056.jpg,6
train/Bugatti/Bugatti_006.jpg,6
train/Bugatti/Bugatti_070.jpg,6
train/Bugatti/Bugatti_023.jpg,6
train/Bugatti/Bugatti_069.jpg,6
train/Bugatti/Bugatti_079.jpg,6
train/Bugatti/Bugatti_076.jpg,6
train/Bugatti/Bugatti_074.jpg,6
train/Bugatti/Bugatti_072.jpg,6
train/Bugatti/Bugatti_041.jpg,6
train/Bugatti/Bugatti_060.jpg,6
train/Bugatti/Bugatti_025.jpg,6
train/Bugatti/Bugatti_088.jpg,6
train/Bugatti/Bugatti_016.jpg,6
train/Bugatti/Bugatti_046.jpg,6
train/Bugatti/Bugatti_040.jpg,6
train/Bugatti/Bugatti_012.jpg,6
train/Bugatti/Bugatti_078.jpg,6
train/Bugatti/Bugatti_085.jpg,6
train/Bugatti/Bugatti_002.jpg,6
train/Bugatti/Bugatti_091.jpg,6
train/Bugatti/Bugatti_022.jpg,6
train/Bugatti/Bugatti_051.jpg,6
train/Bugatti/Bugatti_000.jpg,6
train/Bugatti/Bugatti_037.jpg,6
train/Bugatti/Bugatti_049.jpg,6
train/Bugatti/Bugatti_081.jpg,6
train/Bugatti/Bugatti_057.jpg,6
train/Bugatti/Bugatti_015.jpg,6
train/Bugatti/Bugatti_008.jpg,6
train/Bugatti/Bugatti_055.jpg,6
train/Bugatti/Bugatti_024.jpg,6
train/Bugatti/Bugatti_059.jpg,6
train/Bugatti/Bugatti_082.jpg,6
train/Bugatti/Bugatti_011.jpg,6
train/Bugatti/Bugatti_075.jpg,6
train/Bugatti/Bugatti_086.jpg,6
train/Bugatti/Bugatti_030.jpg,6
train/Bugatti/Bugatti_031.jpg,6
train/Bugatti/Bugatti_033.jpg,6
train/Bugatti/Bugatti_077.jpg,6
train/Bugatti/Bugatti_026.jpg,6
train/Bugatti/Bugatti_014.jpg,6
train/Bugatti/Bugatti_019.jpg,6
train/Bugatti/Bugatti_064.jpg,6
train/Bugatti/Bugatti_036.jpg,6
train/Bugatti/Bugatti_007.jpg,6
train/Bugatti/Bugatti_065.jpg,6
train/Bugatti/Bugatti_043.jpg,6
train/Bugatti/Bugatti_054.jpg,6
train/Bugatti/Bugatti_029.jpg,6
train/Bugatti/Bugatti_034.jpg,6
train/Bugatti/Bugatti_087.jpg,6
train/Bugatti/Bugatti_001.jpg,6
train/Bugatti/Bugatti_032.jpg,6
train/Bugatti/Bugatti_009.jpg,6
train/Bugatti/Bugatti_010.jpg,6
train/Bugatti/Bugatti_052.jpg,6
train/Bugatti/Bugatti_042.jpg,6
train/Bugatti/Bugatti_020.jpg,6
train/Bugatti/Bugatti_089.jpg,6
train/Bugatti/Bugatti_068.jpg,6
train/Bugatti/Bugatti_058.jpg,6
train/Bugatti/Bugatti_018.jpg,6
train/Bugatti/Bugatti_039.jpg,6
train/Bugatti/Bugatti_066.jpg,6
train/Bugatti/Bugatti_050.jpg,6
train/Bugatti/Bugatti_067.jpg,6
train/Bugatti/Bugatti_063.jpg,6
train/Bugatti/Bugatti_005.jpg,6
train/Bugatti/Bugatti_061.jpg,6
train/Bugatti/Bugatti_083.jpg,6
train/Bugatti/Bugatti_048.jpg,6
train/Bugatti/Bugatti_004.jpg,6
train/Bugatti/Bugatti_090.jpg,6
train/Bugatti/Bugatti_028.jpg,6
train/Saab/Saab_033.jpg,42
train/Saab/Saab_029.jpg,42
train/Saab/Saab_035.jpg,42
train/Saab/Saab_083.jpg,42
train/Saab/Saab_052.jpg,42
train/Saab/Saab_013.jpg,42
train/Saab/Saab_020.jpg,42
train/Saab/Saab_061.jpg,42
train/Saab/Saab_042.jpg,42
train/Saab/Saab_011.jpg,42
train/Saab/Saab_046.jpg,42
train/Saab/Saab_043.jpg,42
train/Saab/Saab_040.jpg,42
train/Saab/Saab_031.jpg,42
train/Saab/Saab_005.jpg,42
train/Saab/Saab_044.jpg,42
train/Saab/Saab_073.jpg,42
train/Saab/Saab_015.jpg,42
train/Saab/Saab_036.jpg,42
train/Saab/Saab_075.jpg,42
train/Saab/Saab_001.jpg,42
train/Saab/Saab_024.jpg,42
train/Saab/Saab_051.jpg,42
train/Saab/Saab_037.jpg,42
train/Saab/Saab_056.jpg,42
train/Saab/Saab_023.jpg,42
train/Saab/Saab_064.jpg,42
train/Saab/Saab_008.jpg,42
train/Saab/Saab_049.jpg,42
train/Saab/Saab_078.jpg,42
train/Saab/Saab_090.jpg,42
train/Saab/Saab_002.jpg,42
train/Saab/Saab_048.jpg,42
train/Saab/Saab_063.jpg,42
train/Saab/Saab_026.jpg,42
train/Saab/Saab_074.jpg,42
train/Saab/Saab_057.jpg,42
train/Saab/Saab_072.jpg,42
train/Saab/Saab_065.jpg,42
train/Saab/Saab_089.jpg,42
train/Saab/Saab_053.jpg,42
train/Saab/Saab_018.jpg,42
train/Saab/Saab_027.jpg,42
train/Saab/Saab_009.jpg,42
train/Saab/Saab_058.jpg,42
train/Saab/Saab_091.jpg,42
train/Saab/Saab_038.jpg,42
train/Saab/Saab_028.jpg,42
train/Saab/Saab_004.jpg,42
train/Saab/Saab_082.jpg,42
train/Saab/Saab_007.jpg,42
train/Saab/Saab_025.jpg,42
train/Saab/Saab_022.jpg,42
train/Saab/Saab_070.jpg,42
train/Saab/Saab_030.jpg,42
train/Saab/Saab_060.jpg,42
train/Saab/Saab_003.jpg,42
train/Saab/Saab_000.jpg,42
train/Saab/Saab_071.jpg,42
train/Saab/Saab_084.jpg,42
train/Saab/Saab_085.jpg,42
train/Saab/Saab_039.jpg,42
train/Saab/Saab_034.jpg,42
train/Saab/Saab_080.jpg,42
train/Saab/Saab_047.jpg,42
train/Saab/Saab_010.jpg,42
train/Saab/Saab_086.jpg,42
train/Saab/Saab_032.jpg,42
train/Saab/Saab_068.jpg,42
train/Saab/Saab_062.jpg,42
train/Saab/Saab_016.jpg,42
train/Saab/Saab_055.jpg,42
train/Saab/Saab_059.jpg,42
train/Saab/Saab_069.jpg,42
train/Saab/Saab_021.jpg,42
train/Saab/Saab_077.jpg,42
train/Saab/Saab_012.jpg,42
train/Saab/Saab_014.jpg,42
train/Saab/Saab_092.jpg,42
train/Saab/Saab_006.jpg,42
train/Saab/Saab_088.jpg,42
train/Saab/Saab_017.jpg,42
train/Saab/Saab_019.jpg,42
train/Saab/Saab_087.jpg,42
train/Saab/Saab_045.jpg,42
train/Saab/Saab_067.jpg,42
train/Saab/Saab_076.jpg,42
train/Saab/Saab_079.jpg,42
train/Saab/Saab_041.jpg,42
train/Subaru/Subaru_081.jpg,44
train/Subaru/Subaru_030.jpg,44
train/Subaru/Subaru_035.jpg,44
train/Subaru/Subaru_082.jpg,44
train/Subaru/Subaru_027.jpg,44
train/Subaru/Subaru_085.jpg,44
train/Subaru/Subaru_005.jpg,44
train/Subaru/Subaru_020.jpg,44
train/Subaru/Subaru_017.jpg,44
train/Subaru/Subaru_000.jpg,44
train/Subaru/Subaru_031.jpg,44
train/Subaru/Subaru_036.jpg,44
train/Subaru/Subaru_078.jpg,44
train/Subaru/Subaru_069.jpg,44
train/Subaru/Subaru_032.jpg,44
train/Subaru/Subaru_087.jpg,44
train/Subaru/Subaru_054.jpg,44
train/Subaru/Subaru_077.jpg,44
train/Subaru/Subaru_080.jpg,44
train/Subaru/Subaru_073.jpg,44
train/Subaru/Subaru_070.jpg,44
train/Subaru/Subaru_053.jpg,44
train/Subaru/Subaru_075.jpg,44
train/Subaru/Subaru_048.jpg,44
train/Subaru/Subaru_002.jpg,44
train/Subaru/Subaru_009.jpg,44
train/Subaru/Subaru_061.jpg,44
train/Subaru/Subaru_041.jpg,44
train/Subaru/Subaru_066.jpg,44
train/Subaru/Subaru_062.jpg,44
train/Subaru/Subaru_057.jpg,44
train/Subaru/Subaru_056.jpg,44
train/Subaru/Subaru_001.jpg,44
train/Subaru/Subaru_079.jpg,44
train/Subaru/Subaru_076.jpg,44
train/Subaru/Subaru_015.jpg,44
train/Subaru/Subaru_034.jpg,44
train/Subaru/Subaru_014.jpg,44
train/Subaru/Subaru_029.jpg,44
train/Subaru/Subaru_071.jpg,44
train/Subaru/Subaru_011.jpg,44
train/Subaru/Subaru_023.jpg,44
train/Subaru/Subaru_021.jpg,44
train/Subaru/Subaru_086.jpg,44
train/Subaru/Subaru_049.jpg,44
train/Subaru/Subaru_019.jpg,44
train/Subaru/Subaru_059.jpg,44
train/Subaru/Subaru_037.jpg,44
train/Subaru/Subaru_039.jpg,44
train/Subaru/Subaru_052.jpg,44
train/Subaru/Subaru_033.jpg,44
train/Subaru/Subaru_042.jpg,44
train/Subaru/Subaru_040.jpg,44
train/Subaru/Subaru_074.jpg,44
train/Subaru/Subaru_060.jpg,44
train/Subaru/Subaru_004.jpg,44
train/Subaru/Subaru_012.jpg,44
train/Subaru/Subaru_007.jpg,44
train/Subaru/Subaru_072.jpg,44
train/Subaru/Subaru_044.jpg,44
train/Subaru/Subaru_063.jpg,44
train/Subaru/Subaru_028.jpg,44
train/Subaru/Subaru_064.jpg,44
train/Subaru/Subaru_022.jpg,44
train/Subaru/Subaru_058.jpg,44
train/Subaru/Subaru_050.jpg,44
train/Subaru/Subaru_003.jpg,44
train/Subaru/Subaru_067.jpg,44
train/Subaru/Subaru_045.jpg,44
train/Subaru/Subaru_010.jpg,44
train/Subaru/Subaru_006.jpg,44
train/Subaru/Subaru_065.jpg,44
train/Subaru/Subaru_068.jpg,44
train/Subaru/Subaru_051.jpg,44
train/Subaru/Subaru_026.jpg,44
train/Subaru/Subaru_038.jpg,44
train/Subaru/Subaru_008.jpg,44
train/Subaru/Subaru_024.jpg,44
train/Subaru/Subaru_025.jpg,44
train/Subaru/Subaru_055.jpg,44
train/Subaru/Subaru_043.jpg,44
train/Subaru/Subaru_083.jpg,44
train/Subaru/Subaru_084.jpg,44
train/Subaru/Subaru_047.jpg,44
train/Volkswagen/Volkswagen_035.jpg,48
train/Volkswagen/Volkswagen_018.jpg,48
train/Volkswagen/Volkswagen_083.jpg,48
train/Volkswagen/Volkswagen_008.jpg,48
train/Volkswagen/Volkswagen_081.jpg,48
train/Volkswagen/Volkswagen_032.jpg,48
train/Volkswagen/Volkswagen_068.jpg,48
train/Volkswagen/Volkswagen_013.jpg,48
train/Volkswagen/Volkswagen_012.jpg,48
train/Volkswagen/Volkswagen_001.jpg,48
train/Volkswagen/Volkswagen_077.jpg,48
train/Volkswagen/Volkswagen_003.jpg,48
train/Volkswagen/Volkswagen_030.jpg,48
train/Volkswagen/Volkswagen_063.jpg,48
train/Volkswagen/Volkswagen_037.jpg,48
train/Volkswagen/Volkswagen_073.jpg,48
train/Volkswagen/Volkswagen_022.jpg,48
train/Volkswagen/Volkswagen_060.jpg,48
train/Volkswagen/Volkswagen_024.jpg,48
train/Volkswagen/Volkswagen_066.jpg,48
train/Volkswagen/Volkswagen_031.jpg,48
train/Volkswagen/Volkswagen_058.jpg,48
train/Volkswagen/Volkswagen_020.jpg,48
train/Volkswagen/Volkswagen_054.jpg,48
train/Volkswagen/Volkswagen_016.jpg,48
train/Volkswagen/Volkswagen_027.jpg,48
train/Volkswagen/Volkswagen_043.jpg,48
train/Volkswagen/Volkswagen_069.jpg,48
train/Volkswagen/Volkswagen_080.jpg,48
train/Volkswagen/Volkswagen_050.jpg,48
train/Volkswagen/Volkswagen_072.jpg,48
train/Volkswagen/Volkswagen_005.jpg,48
train/Volkswagen/Volkswagen_025.jpg,48
train/Volkswagen/Volkswagen_046.jpg,48
train/Volkswagen/Volkswagen_047.jpg,48
train/Volkswagen/Volkswagen_090.jpg,48
train/Volkswagen/Volkswagen_051.jpg,48
train/Volkswagen/Volkswagen_093.jpg,48
train/Volkswagen/Volkswagen_059.jpg,48
train/Volkswagen/Volkswagen_002.jpg,48
train/Volkswagen/Volkswagen_028.jpg,48
train/Volkswagen/Volkswagen_033.jpg,48
train/Volkswagen/Volkswagen_084.jpg,48
train/Volkswagen/Volkswagen_074.jpg,48
train/Volkswagen/Volkswagen_009.jpg,48
train/Volkswagen/Volkswagen_048.jpg,48
train/Volkswagen/Volkswagen_010.jpg,48
train/Volkswagen/Volkswagen_041.jpg,48
train/Volkswagen/Volkswagen_061.jpg,48
train/Volkswagen/Volkswagen_071.jpg,48
train/Volkswagen/Volkswagen_045.jpg,48
train/Volkswagen/Volkswagen_019.jpg,48
train/Volkswagen/Volkswagen_049.jpg,48
train/Volkswagen/Volkswagen_026.jpg,48
train/Volkswagen/Volkswagen_055.jpg,48
train/Volkswagen/Volkswagen_038.jpg,48
train/Volkswagen/Volkswagen_057.jpg,48
train/Volkswagen/Volkswagen_065.jpg,48
train/Volkswagen/Volkswagen_092.jpg,48
train/Volkswagen/Volkswagen_064.jpg,48
train/Volkswagen/Volkswagen_070.jpg,48
train/Volkswagen/Volkswagen_007.jpg,48
train/Volkswagen/Volkswagen_011.jpg,48
train/Volkswagen/Volkswagen_067.jpg,48
train/Volkswagen/Volkswagen_086.jpg,48
train/Volkswagen/Volkswagen_091.jpg,48
train/Volkswagen/Volkswagen_029.jpg,48
train/Volkswagen/Volkswagen_062.jpg,48
train/Volkswagen/Volkswagen_052.jpg,48
train/Volkswagen/Volkswagen_034.jpg,48
train/Volkswagen/Volkswagen_006.jpg,48
train/Volkswagen/Volkswagen_023.jpg,48
train/Volkswagen/Volkswagen_082.jpg,48
train/Volkswagen/Volkswagen_017.jpg,48
train/Volkswagen/Volkswagen_040.jpg,48
train/Volkswagen/Volkswagen_087.jpg,48
train/Volkswagen/Volkswagen_079.jpg,48
train/Volkswagen/Volkswagen_042.jpg,48
train/Volkswagen/Volkswagen_078.jpg,48
train/Volkswagen/Volkswagen_075.jpg,48
train/Volkswagen/Volkswagen_089.jpg,48
train/Volkswagen/Volkswagen_076.jpg,48
train/Volkswagen/Volkswagen_021.jpg,48
train/Volkswagen/Volkswagen_014.jpg,48
train/Volkswagen/Volkswagen_085.jpg,48
train/Volkswagen/Volkswagen_004.jpg,48
train/Volkswagen/Volkswagen_053.jpg,48
train/Volkswagen/Volkswagen_036.jpg,48
train/Volkswagen/Volkswagen_044.jpg,48
train/Volkswagen/Volkswagen_088.jpg,48
train/Daewoo/Daewoo_097.jpg,12
train/Daewoo/Daewoo_088.jpg,12
train/Daewoo/Daewoo_062.jpg,12
train/Daewoo/Daewoo_028.jpg,12
train/Daewoo/Daewoo_035.jpg,12
train/Daewoo/Daewoo_082.jpg,12
train/Daewoo/Daewoo_101.jpg,12
train/Daewoo/Daewoo_022.jpg,12
train/Daewoo/Daewoo_102.jpg,12
train/Daewoo/Daewoo_013.jpg,12
train/Daewoo/Daewoo_053.jpg,12
train/Daewoo/Daewoo_092.jpg,12
train/Daewoo/Daewoo_008.jpg,12
train/Daewoo/Daewoo_033.jpg,12
train/Daewoo/Daewoo_074.jpg,12
train/Daewoo/Daewoo_050.jpg,12
train/Daewoo/Daewoo_079.jpg,12
train/Daewoo/Daewoo_015.jpg,12
train/Daewoo/Daewoo_052.jpg,12
train/Daewoo/Daewoo_083.jpg,12
train/Daewoo/Daewoo_019.jpg,12
train/Daewoo/Daewoo_045.jpg,12
train/Daewoo/Daewoo_096.jpg,12
train/Daewoo/Daewoo_006.jpg,12
train/Daewoo/Daewoo_061.jpg,12
train/Daewoo/Daewoo_089.jpg,12
train/Daewoo/Daewoo_037.jpg,12
train/Daewoo/Daewoo_058.jpg,12
train/Daewoo/Daewoo_057.jpg,12
train/Daewoo/Daewoo_024.jpg,12
train/Daewoo/Daewoo_034.jpg,12
train/Daewoo/Daewoo_004.jpg,12
train/Daewoo/Daewoo_048.jpg,12
train/Daewoo/Daewoo_080.jpg,12
train/Daewoo/Daewoo_098.jpg,12
train/Daewoo/Daewoo_070.jpg,12
train/Daewoo/Daewoo_055.jpg,12
train/Daewoo/Daewoo_076.jpg,12
train/Daewoo/Daewoo_099.jpg,12
train/Daewoo/Daewoo_027.jpg,12
train/Daewoo/Daewoo_011.jpg,12
train/Daewoo/Daewoo_005.jpg,12
train/Daewoo/Daewoo_054.jpg,12
train/Daewoo/Daewoo_036.jpg,12
train/Daewoo/Daewoo_066.jpg,12
train/Daewoo/Daewoo_087.jpg,12
train/Daewoo/Daewoo_078.jpg,12
train/Daewoo/Daewoo_059.jpg,12
train/Daewoo/Daewoo_071.jpg,12
train/Daewoo/Daewoo_026.jpg,12
train/Daewoo/Daewoo_049.jpg,12
train/Daewoo/Daewoo_104.jpg,12
train/Daewoo/Daewoo_081.jpg,12
train/Daewoo/Daewoo_091.jpg,12
train/Daewoo/Daewoo_021.jpg,12
train/Daewoo/Daewoo_077.jpg,12
train/Daewoo/Daewoo_041.jpg,12
train/Daewoo/Daewoo_090.jpg,12
train/Daewoo/Daewoo_043.jpg,12
train/Daewoo/Daewoo_032.jpg,12
train/Daewoo/Daewoo_046.jpg,12
train/Daewoo/Daewoo_001.jpg,12
train/Daewoo/Daewoo_095.jpg,12
train/Daewoo/Daewoo_038.jpg,12
train/Daewoo/Daewoo_060.jpg,12
train/Daewoo/Daewoo_000.jpg,12
train/Daewoo/Daewoo_017.jpg,12
train/Daewoo/Daewoo_068.jpg,12
train/Daewoo/Daewoo_085.jpg,12
train/Daewoo/Daewoo_018.jpg,12
train/Daewoo/Daewoo_016.jpg,12
train/Daewoo/Daewoo_047.jpg,12
train/Daewoo/Daewoo_073.jpg,12
train/Daewoo/Daewoo_103.jpg,12
train/Daewoo/Daewoo_056.jpg,12
train/Daewoo/Daewoo_100.jpg,12
train/Daewoo/Daewoo_084.jpg,12
train/Daewoo/Daewoo_072.jpg,12
train/Daewoo/Daewoo_094.jpg,12
train/Daewoo/Daewoo_069.jpg,12
train/Daewoo/Daewoo_064.jpg,12
train/Daewoo/Daewoo_020.jpg,12
train/Daewoo/Daewoo_067.jpg,12
train/Daewoo/Daewoo_003.jpg,12
train/Daewoo/Daewoo_025.jpg,12
train/Daewoo/Daewoo_042.jpg,12
train/Daewoo/Daewoo_029.jpg,12
train/Daewoo/Daewoo_039.jpg,12
train/Daewoo/Daewoo_009.jpg,12
train/Daewoo/Daewoo_063.jpg,12
train/Daewoo/Daewoo_065.jpg,12
train/Daewoo/Daewoo_040.jpg,12
train/Daewoo/Daewoo_031.jpg,12
train/Daewoo/Daewoo_086.jpg,12
train/Daewoo/Daewoo_051.jpg,12
train/Daewoo/Daewoo_012.jpg,12
train/Daewoo/Daewoo_075.jpg,12
train/Daewoo/Daewoo_007.jpg,12
train/Daewoo/Daewoo_030.jpg,12
train/Daewoo/Daewoo_023.jpg,12
train/Daewoo/Daewoo_093.jpg,12
train/Maserati/Maserati_001.jpg,29
train/Maserati/Maserati_045.jpg,29
train/Maserati/Maserati_077.jpg,29
train/Maserati/Maserati_054.jpg,29
train/Maserati/Maserati_065.jpg,29
train/Maserati/Maserati_069.jpg,29
train/Maserati/Maserati_023.jpg,29
train/Maserati/Maserati_010.jpg,29
train/Maserati/Maserati_041.jpg,29
train/Maserati/Maserati_067.jpg,29
train/Maserati/Maserati_019.jpg,29
train/Maserati/Maserati_015.jpg,29
train/Maserati/Maserati_048.jpg,29
train/Maserati/Maserati_079.jpg,29
train/Maserati/Maserati_076.jpg,29
train/Maserati/Maserati_017.jpg,29
train/Maserati/Maserati_020.jpg,29
train/Maserati/Maserati_047.jpg,29
train/Maserati/Maserati_034.jpg,29
train/Maserati/Maserati_056.jpg,29
train/Maserati/Maserati_042.jpg,29
train/Maserati/Maserati_005.jpg,29
train/Maserati/Maserati_038.jpg,29
train/Maserati/Maserati_013.jpg,29
train/Maserati/Maserati_070.jpg,29
train/Maserati/Maserati_032.jpg,29
train/Maserati/Maserati_063.jpg,29
train/Maserati/Maserati_025.jpg,29
train/Maserati/Maserati_037.jpg,29
train/Maserati/Maserati_024.jpg,29
train/Maserati/Maserati_057.jpg,29
train/Maserati/Maserati_021.jpg,29
train/Maserati/Maserati_051.jpg,29
train/Maserati/Maserati_074.jpg,29
train/Maserati/Maserati_068.jpg,29
train/Maserati/Maserati_027.jpg,29
train/Maserati/Maserati_050.jpg,29
train/Maserati/Maserati_012.jpg,29
train/Maserati/Maserati_055.jpg,29
train/Maserati/Maserati_062.jpg,29
train/Maserati/Maserati_028.jpg,29
train/Maserati/Maserati_035.jpg,29
train/Maserati/Maserati_006.jpg,29
train/Maserati/Maserati_016.jpg,29
train/Maserati/Maserati_044.jpg,29
train/Maserati/Maserati_060.jpg,29
train/Maserati/Maserati_033.jpg,29
train/Maserati/Maserati_071.jpg,29
train/Maserati/Maserati_000.jpg,29
train/Maserati/Maserati_030.jpg,29
train/Maserati/Maserati_043.jpg,29
train/Maserati/Maserati_004.jpg,29
train/Maserati/Maserati_075.jpg,29
train/Maserati/Maserati_003.jpg,29
train/Maserati/Maserati_018.jpg,29
train/Maserati/Maserati_072.jpg,29
train/Maserati/Maserati_058.jpg,29
train/Maserati/Maserati_009.jpg,29
train/Maserati/Maserati_031.jpg,29
train/Maserati/Maserati_066.jpg,29
train/Maserati/Maserati_036.jpg,29
train/Maserati/Maserati_011.jpg,29
train/Maserati/Maserati_026.jpg,29
train/Maserati/Maserati_049.jpg,29
train/Maserati/Maserati_014.jpg,29
train/Maserati/Maserati_078.jpg,29
train/Maserati/Maserati_061.jpg,29
train/Maserati/Maserati_073.jpg,29
train/Maserati/Maserati_002.jpg,29
train/Maserati/Maserati_046.jpg,29
train/Maserati/Maserati_029.jpg,29
train/Maserati/Maserati_007.jpg,29
train/Maserati/Maserati_040.jpg,29
train/Maserati/Maserati_052.jpg,29
train/Maserati/Maserati_008.jpg,29
train/Maserati/Maserati_022.jpg,29
train/Dodge/Dodge_042.jpg,13
train/Dodge/Dodge_030.jpg,13
train/Dodge/Dodge_028.jpg,13
train/Dodge/Dodge_013.jpg,13
train/Dodge/Dodge_036.jpg,13
train/Dodge/Dodge_040.jpg,13
train/Dodge/Dodge_019.jpg,13
train/Dodge/Dodge_041.jpg,13
train/Dodge/Dodge_012.jpg,13
train/Dodge/Dodge_045.jpg,13
train/Dodge/Dodge_015.jpg,13
train/Dodge/Dodge_017.jpg,13
train/Dodge/Dodge_057.jpg,13
train/Dodge/Dodge_049.jpg,13
train/Dodge/Dodge_000.jpg,13
train/Dodge/Dodge_067.jpg,13
train/Dodge/Dodge_002.jpg,13
train/Dodge/Dodge_056.jpg,13
train/Dodge/Dodge_005.jpg,13
train/Dodge/Dodge_029.jpg,13
train/Dodge/Dodge_083.jpg,13
train/Dodge/Dodge_048.jpg,13
train/Dodge/Dodge_064.jpg,13
train/Dodge/Dodge_052.jpg,13
train/Dodge/Dodge_062.jpg,13
train/Dodge/Dodge_063.jpg,13
train/Dodge/Dodge_031.jpg,13
train/Dodge/Dodge_008.jpg,13
train/Dodge/Dodge_051.jpg,13
train/Dodge/Dodge_078.jpg,13
train/Dodge/Dodge_079.jpg,13
train/Dodge/Dodge_080.jpg,13
train/Dodge/Dodge_060.jpg,13
train/Dodge/Dodge_053.jpg,13
train/Dodge/Dodge_059.jpg,13
train/Dodge/Dodge_009.jpg,13
train/Dodge/Dodge_016.jpg,13
train/Dodge/Dodge_054.jpg,13
train/Dodge/Dodge_076.jpg,13
train/Dodge/Dodge_018.jpg,13
train/Dodge/Dodge_001.jpg,13
train/Dodge/Dodge_026.jpg,13
train/Dodge/Dodge_023.jpg,13
train/Dodge/Dodge_075.jpg,13
train/Dodge/Dodge_066.jpg,13
train/Dodge/Dodge_037.jpg,13
train/Dodge/Dodge_044.jpg,13
train/Dodge/Dodge_046.jpg,13
train/Dodge/Dodge_061.jpg,13
train/Dodge/Dodge_027.jpg,13
train/Dodge/Dodge_011.jpg,13
train/Dodge/Dodge_065.jpg,13
train/Dodge/Dodge_055.jpg,13
train/Dodge/Dodge_003.jpg,13
train/Dodge/Dodge_071.jpg,13
train/Dodge/Dodge_047.jpg,13
train/Dodge/Dodge_006.jpg,13
train/Dodge/Dodge_068.jpg,13
train/Dodge/Dodge_038.jpg,13
train/Dodge/Dodge_021.jpg,13
train/Dodge/Dodge_025.jpg,13
train/Dodge/Dodge_043.jpg,13
train/Dodge/Dodge_035.jpg,13
train/Dodge/Dodge_073.jpg,13
train/Dodge/Dodge_033.jpg,13
train/Dodge/Dodge_050.jpg,13
train/Dodge/Dodge_014.jpg,13
train/Dodge/Dodge_007.jpg,13
train/Dodge/Dodge_058.jpg,13
train/Dodge/Dodge_010.jpg,13
train/Dodge/Dodge_082.jpg,13
train/Dodge/Dodge_034.jpg,13
train/Dodge/Dodge_084.jpg,13
train/Dodge/Dodge_069.jpg,13
train/Dodge/Dodge_022.jpg,13
train/Dodge/Dodge_039.jpg,13
train/Dodge/Dodge_077.jpg,13
train/Dodge/Dodge_081.jpg,13
train/Dodge/Dodge_074.jpg,13
train/Dodge/Dodge_070.jpg,13
train/Dodge/Dodge_024.jpg,13
train/Mini/Mini_059.jpg,33
train/Mini/Mini_057.jpg,33
train/Mini/Mini_029.jpg,33
train/Mini/Mini_010.jpg,33
train/Mini/Mini_016.jpg,33
train/Mini/Mini_038.jpg,33
train/Mini/Mini_082.jpg,33
train/Mini/Mini_021.jpg,33
train/Mini/Mini_078.jpg,33
train/Mini/Mini_007.jpg,33
train/Mini/Mini_013.jpg,33
train/Mini/Mini_000.jpg,33
train/Mini/Mini_061.jpg,33
train/Mini/Mini_072.jpg,33
train/Mini/Mini_015.jpg,33
train/Mini/Mini_050.jpg,33
train/Mini/Mini_022.jpg,33
train/Mini/Mini_001.jpg,33
train/Mini/Mini_011.jpg,33
train/Mini/Mini_026.jpg,33
train/Mini/Mini_042.jpg,33
train/Mini/Mini_006.jpg,33
train/Mini/Mini_060.jpg,33
train/Mini/Mini_058.jpg,33
train/Mini/Mini_039.jpg,33
train/Mini/Mini_037.jpg,33
train/Mini/Mini_084.jpg,33
train/Mini/Mini_004.jpg,33
train/Mini/Mini_044.jpg,33
train/Mini/Mini_052.jpg,33
train/Mini/Mini_035.jpg,33
train/Mini/Mini_051.jpg,33
train/Mini/Mini_033.jpg,33
train/Mini/Mini_081.jpg,33
train/Mini/Mini_030.jpg,33
train/Mini/Mini_070.jpg,33
train/Mini/Mini_032.jpg,33
train/Mini/Mini_019.jpg,33
train/Mini/Mini_067.jpg,33
train/Mini/Mini_003.jpg,33
train/Mini/Mini_040.jpg,33
train/Mini/Mini_008.jpg,33
train/Mini/Mini_085.jpg,33
train/Mini/Mini_023.jpg,33
train/Mini/Mini_054.jpg,33
train/Mini/Mini_012.jpg,33
train/Mini/Mini_080.jpg,33
train/Mini/Mini_071.jpg,33
train/Mini/Mini_043.jpg,33
train/Mini/Mini_009.jpg,33
train/Mini/Mini_063.jpg,33
train/Mini/Mini_049.jpg,33
train/Mini/Mini_055.jpg,33
train/Mini/Mini_047.jpg,33
train/Mini/Mini_076.jpg,33
train/Mini/Mini_062.jpg,33
train/Mini/Mini_031.jpg,33
train/Mini/Mini_046.jpg,33
train/Mini/Mini_073.jpg,33
train/Mini/Mini_027.jpg,33
train/Mini/Mini_025.jpg,33
train/Mini/Mini_041.jpg,33
train/Mini/Mini_065.jpg,33
train/Mini/Mini_014.jpg,33
train/Mini/Mini_066.jpg,33
train/Mini/Mini_074.jpg,33
train/Mini/Mini_034.jpg,33
train/Mini/Mini_068.jpg,33
train/Mini/Mini_018.jpg,33
train/Mini/Mini_079.jpg,33
train/Mini/Mini_017.jpg,33
train/Mini/Mini_075.jpg,33
train/Mini/Mini_069.jpg,33
train/Mini/Mini_028.jpg,33
train/Mini/Mini_024.jpg,33
train/Mini/Mini_048.jpg,33
train/Mini/Mini_064.jpg,33
train/Mini/Mini_002.jpg,33
train/Mini/Mini_056.jpg,33
train/Mini/Mini_045.jpg,33
train/Mini/Mini_020.jpg,33
train/Mini/Mini_036.jpg,33
train/Studebaker/Studebaker_048.jpg,43
train/Studebaker/Studebaker_085.jpg,43
train/Studebaker/Studebaker_005.jpg,43
train/Studebaker/Studebaker_009.jpg,43
train/Studebaker/Studebaker_092.jpg,43
train/Studebaker/Studebaker_031.jpg,43
train/Studebaker/Studebaker_055.jpg,43
train/Studebaker/Studebaker_023.jpg,43
train/Studebaker/Studebaker_051.jpg,43
train/Studebaker/Studebaker_043.jpg,43
train/Studebaker/Studebaker_029.jpg,43
train/Studebaker/Studebaker_035.jpg,43
train/Studebaker/Studebaker_074.jpg,43
train/Studebaker/Studebaker_091.jpg,43
train/Studebaker/Studebaker_099.jpg,43
train/Studebaker/Studebaker_049.jpg,43
train/Studebaker/Studebaker_050.jpg,43
train/Studebaker/Studebaker_072.jpg,43
train/Studebaker/Studebaker_061.jpg,43
train/Studebaker/Studebaker_001.jpg,43
train/Studebaker/Studebaker_056.jpg,43
train/Studebaker/Studebaker_018.jpg,43
train/Studebaker/Studebaker_036.jpg,43
train/Studebaker/Studebaker_014.jpg,43
train/Studebaker/Studebaker_071.jpg,43
train/Studebaker/Studebaker_078.jpg,43
train/Studebaker/Studebaker_026.jpg,43
train/Studebaker/Studebaker_060.jpg,43
train/Studebaker/Studebaker_022.jpg,43
train/Studebaker/Studebaker_068.jpg,43
train/Studebaker/Studebaker_065.jpg,43
train/Studebaker/Studebaker_077.jpg,43
train/Studebaker/Studebaker_045.jpg,43
train/Studebaker/Studebaker_011.jpg,43
train/Studebaker/Studebaker_010.jpg,43
train/Studebaker/Studebaker_012.jpg,43
train/Studebaker/Studebaker_033.jpg,43
train/Studebaker/Studebaker_058.jpg,43
train/Studebaker/Studebaker_069.jpg,43
train/Studebaker/Studebaker_101.jpg,43
train/Studebaker/Studebaker_013.jpg,43
train/Studebaker/Studebaker_037.jpg,43
train/Studebaker/Studebaker_086.jpg,43
train/Studebaker/Studebaker_097.jpg,43
train/Studebaker/Studebaker_047.jpg,43
train/Studebaker/Studebaker_017.jpg,43
train/Studebaker/Studebaker_016.jpg,43
train/Studebaker/Studebaker_089.jpg,43
train/Studebaker/Studebaker_079.jpg,43
train/Studebaker/Studebaker_088.jpg,43
train/Studebaker/Studebaker_076.jpg,43
train/Studebaker/Studebaker_039.jpg,43
train/Studebaker/Studebaker_059.jpg,43
train/Studebaker/Studebaker_006.jpg,43
train/Studebaker/Studebaker_070.jpg,43
train/Studebaker/Studebaker_075.jpg,43
train/Studebaker/Studebaker_087.jpg,43
train/Studebaker/Studebaker_008.jpg,43
train/Studebaker/Studebaker_073.jpg,43
train/Studebaker/Studebaker_098.jpg,43
train/Studebaker/Studebaker_002.jpg,43
train/Studebaker/Studebaker_027.jpg,43
train/Studebaker/Studebaker_020.jpg,43
train/Studebaker/Studebaker_030.jpg,43
train/Studebaker/Studebaker_041.jpg,43
train/Studebaker/Studebaker_003.jpg,43
train/Studebaker/Studebaker_084.jpg,43
train/Studebaker/Studebaker_054.jpg,43
train/Studebaker/Studebaker_040.jpg,43
train/Studebaker/Studebaker_063.jpg,43
train/Studebaker/Studebaker_093.jpg,43
train/Studebaker/Studebaker_004.jpg,43
train/Studebaker/Studebaker_095.jpg,43
train/Studebaker/Studebaker_067.jpg,43
train/Studebaker/Studebaker_025.jpg,43
train/Studebaker/Studebaker_044.jpg,43
train/Studebaker/Studebaker_021.jpg,43
train/Studebaker/Studebaker_052.jpg,43
train/Studebaker/Studebaker_046.jpg,43
train/Studebaker/Studebaker_038.jpg,43
train/Studebaker/Studebaker_081.jpg,43
train/Studebaker/Studebaker_024.jpg,43
train/Studebaker/Studebaker_000.jpg,43
train/Studebaker/Studebaker_028.jpg,43
train/Studebaker/Studebaker_096.jpg,43
train/Studebaker/Studebaker_032.jpg,43
train/Studebaker/Studebaker_066.jpg,43
train/Studebaker/Studebaker_100.jpg,43
train/Studebaker/Studebaker_053.jpg,43
train/Studebaker/Studebaker_094.jpg,43
train/Studebaker/Studebaker_034.jpg,43
train/Studebaker/Studebaker_062.jpg,43
train/Studebaker/Studebaker_019.jpg,43
train/Studebaker/Studebaker_090.jpg,43
train/Studebaker/Studebaker_042.jpg,43
train/Studebaker/Studebaker_057.jpg,43
train/Studebaker/Studebaker_007.jpg,43
train/Studebaker/Studebaker_082.jpg,43
train/Fiat/Fiat_011.jpg,15
train/Fiat/Fiat_007.jpg,15
train/Fiat/Fiat_047.jpg,15
train/Fiat/Fiat_049.jpg,15
train/Fiat/Fiat_075.jpg,15
train/Fiat/Fiat_014.jpg,15
train/Fiat/Fiat_051.jpg,15
train/Fiat/Fiat_039.jpg,15
train/Fiat/Fiat_058.jpg,15
train/Fiat/Fiat_073.jpg,15
train/Fiat/Fiat_088.jpg,15
train/Fiat/Fiat_086.jpg,15
train/Fiat/Fiat_044.jpg,15
train/Fiat/Fiat_024.jpg,15
train/Fiat/Fiat_053.jpg,15
train/Fiat/Fiat_001.jpg,15
train/Fiat/Fiat_018.jpg,15
train/Fiat/Fiat_054.jpg,15
train/Fiat/Fiat_055.jpg,15
train/Fiat/Fiat_008.jpg,15
train/Fiat/Fiat_066.jpg,15
train/Fiat/Fiat_000.jpg,15
train/Fiat/Fiat_027.jpg,15
train/Fiat/Fiat_056.jpg,15
train/Fiat/Fiat_003.jpg,15
train/Fiat/Fiat_012.jpg,15
train/Fiat/Fiat_071.jpg,15
train/Fiat/Fiat_068.jpg,15
train/Fiat/Fiat_025.jpg,15
train/Fiat/Fiat_070.jpg,15
train/Fiat/Fiat_087.jpg,15
train/Fiat/Fiat_064.jpg,15
train/Fiat/Fiat_065.jpg,15
train/Fiat/Fiat_060.jpg,15
train/Fiat/Fiat_067.jpg,15
train/Fiat/Fiat_078.jpg,15
train/Fiat/Fiat_034.jpg,15
train/Fiat/Fiat_079.jpg,15
train/Fiat/Fiat_059.jpg,15
train/Fiat/Fiat_029.jpg,15
train/Fiat/Fiat_050.jpg,15
train/Fiat/Fiat_010.jpg,15
train/Fiat/Fiat_016.jpg,15
train/Fiat/Fiat_035.jpg,15
train/Fiat/Fiat_038.jpg,15
train/Fiat/Fiat_076.jpg,15
train/Fiat/Fiat_032.jpg,15
train/Fiat/Fiat_043.jpg,15
train/Fiat/Fiat_006.jpg,15
train/Fiat/Fiat_036.jpg,15
train/Fiat/Fiat_019.jpg,15
train/Fiat/Fiat_028.jpg,15
train/Fiat/Fiat_015.jpg,15
train/Fiat/Fiat_061.jpg,15
train/Fiat/Fiat_045.jpg,15
train/Fiat/Fiat_037.jpg,15
train/Fiat/Fiat_072.jpg,15
train/Fiat/Fiat_040.jpg,15
train/Fiat/Fiat_057.jpg,15
train/Fiat/Fiat_041.jpg,15
train/Fiat/Fiat_031.jpg,15
train/Fiat/Fiat_052.jpg,15
train/Fiat/Fiat_013.jpg,15
train/Fiat/Fiat_077.jpg,15
train/Fiat/Fiat_080.jpg,15
train/Fiat/Fiat_030.jpg,15
train/Fiat/Fiat_042.jpg,15
train/Fiat/Fiat_081.jpg,15
train/Fiat/Fiat_062.jpg,15
train/Fiat/Fiat_017.jpg,15
train/Fiat/Fiat_083.jpg,15
train/Fiat/Fiat_048.jpg,15
train/Fiat/Fiat_046.jpg,15
train/Fiat/Fiat_069.jpg,15
train/Fiat/Fiat_002.jpg,15
train/Fiat/Fiat_082.jpg,15
train/Fiat/Fiat_004.jpg,15
train/Fiat/Fiat_074.jpg,15
train/Fiat/Fiat_009.jpg,15
train/Fiat/Fiat_021.jpg,15
train/Fiat/Fiat_005.jpg,15
train/Fiat/Fiat_022.jpg,15
train/Fiat/Fiat_023.jpg,15
train/Fiat/Fiat_033.jpg,15
train/Fiat/Fiat_085.jpg,15
train/Ferrari/Ferrari_073.jpg,14
train/Ferrari/Ferrari_008.jpg,14
train/Ferrari/Ferrari_001.jpg,14
train/Ferrari/Ferrari_020.jpg,14
train/Ferrari/Ferrari_044.jpg,14
train/Ferrari/Ferrari_029.jpg,14
train/Ferrari/Ferrari_010.jpg,14
train/Ferrari/Ferrari_055.jpg,14
train/Ferrari/Ferrari_047.jpg,14
train/Ferrari/Ferrari_070.jpg,14
train/Ferrari/Ferrari_065.jpg,14
train/Ferrari/Ferrari_093.jpg,14
train/Ferrari/Ferrari_002.jpg,14
train/Ferrari/Ferrari_030.jpg,14
train/Ferrari/Ferrari_032.jpg,14
train/Ferrari/Ferrari_013.jpg,14
train/Ferrari/Ferrari_024.jpg,14
train/Ferrari/Ferrari_012.jpg,14
train/Ferrari/Ferrari_085.jpg,14
train/Ferrari/Ferrari_079.jpg,14
train/Ferrari/Ferrari_021.jpg,14
train/Ferrari/Ferrari_035.jpg,14
train/Ferrari/Ferrari_009.jpg,14
train/Ferrari/Ferrari_046.jpg,14
train/Ferrari/Ferrari_011.jpg,14
train/Ferrari/Ferrari_041.jpg,14
train/Ferrari/Ferrari_005.jpg,14
train/Ferrari/Ferrari_058.jpg,14
train/Ferrari/Ferrari_064.jpg,14
train/Ferrari/Ferrari_025.jpg,14
train/Ferrari/Ferrari_081.jpg,14
train/Ferrari/Ferrari_042.jpg,14
train/Ferrari/Ferrari_057.jpg,14
train/Ferrari/Ferrari_076.jpg,14
train/Ferrari/Ferrari_026.jpg,14
train/Ferrari/Ferrari_033.jpg,14
train/Ferrari/Ferrari_031.jpg,14
train/Ferrari/Ferrari_092.jpg,14
train/Ferrari/Ferrari_004.jpg,14
train/Ferrari/Ferrari_039.jpg,14
train/Ferrari/Ferrari_059.jpg,14
train/Ferrari/Ferrari_022.jpg,14
train/Ferrari/Ferrari_087.jpg,14
train/Ferrari/Ferrari_066.jpg,14
train/Ferrari/Ferrari_048.jpg,14
train/Ferrari/Ferrari_074.jpg,14
train/Ferrari/Ferrari_036.jpg,14
train/Ferrari/Ferrari_052.jpg,14
train/Ferrari/Ferrari_051.jpg,14
train/Ferrari/Ferrari_006.jpg,14
train/Ferrari/Ferrari_077.jpg,14
train/Ferrari/Ferrari_094.jpg,14
train/Ferrari/Ferrari_084.jpg,14
train/Ferrari/Ferrari_014.jpg,14
train/Ferrari/Ferrari_018.jpg,14
train/Ferrari/Ferrari_040.jpg,14
train/Ferrari/Ferrari_019.jpg,14
train/Ferrari/Ferrari_063.jpg,14
train/Ferrari/Ferrari_043.jpg,14
train/Ferrari/Ferrari_038.jpg,14
train/Ferrari/Ferrari_090.jpg,14
train/Ferrari/Ferrari_096.jpg,14
train/Ferrari/Ferrari_091.jpg,14
train/Ferrari/Ferrari_062.jpg,14
train/Ferrari/Ferrari_003.jpg,14
train/Ferrari/Ferrari_037.jpg,14
train/Ferrari/Ferrari_015.jpg,14
train/Ferrari/Ferrari_067.jpg,14
train/Ferrari/Ferrari_071.jpg,14
train/Ferrari/Ferrari_054.jpg,14
train/Ferrari/Ferrari_068.jpg,14
train/Ferrari/Ferrari_017.jpg,14
train/Ferrari/Ferrari_089.jpg,14
train/Ferrari/Ferrari_082.jpg,14
train/Ferrari/Ferrari_016.jpg,14
train/Ferrari/Ferrari_060.jpg,14
train/Ferrari/Ferrari_080.jpg,14
train/Ferrari/Ferrari_045.jpg,14
train/Ferrari/Ferrari_034.jpg,14
train/Ferrari/Ferrari_086.jpg,14
train/Ferrari/Ferrari_088.jpg,14
train/Ferrari/Ferrari_027.jpg,14
train/Ferrari/Ferrari_053.jpg,14
train/Ferrari/Ferrari_072.jpg,14
train/Ferrari/Ferrari_083.jpg,14
train/Ferrari/Ferrari_023.jpg,14
train/Ferrari/Ferrari_075.jpg,14
train/Ferrari/Ferrari_061.jpg,14
train/Ferrari/Ferrari_007.jpg,14
train/Ferrari/Ferrari_000.jpg,14
train/Ferrari/Ferrari_095.jpg,14
train/Ferrari/Ferrari_050.jpg,14
train/Ferrari/Ferrari_028.jpg,14
train/Ferrari/Ferrari_097.jpg,14
train/Genesis/Genesis_036.jpg,17
train/Genesis/Genesis_032.jpg,17
train/Genesis/Genesis_021.jpg,17
train/Genesis/Genesis_078.jpg,17
train/Genesis/Genesis_028.jpg,17
train/Genesis/Genesis_088.jpg,17
train/Genesis/Genesis_070.jpg,17
train/Genesis/Genesis_031.jpg,17
train/Genesis/Genesis_023.jpg,17
train/Genesis/Genesis_027.jpg,17
train/Genesis/Genesis_001.jpg,17
train/Genesis/Genesis_087.jpg,17
train/Genesis/Genesis_042.jpg,17
train/Genesis/Genesis_063.jpg,17
train/Genesis/Genesis_052.jpg,17
train/Genesis/Genesis_033.jpg,17
train/Genesis/Genesis_029.jpg,17
train/Genesis/Genesis_066.jpg,17
train/Genesis/Genesis_035.jpg,17
train/Genesis/Genesis_005.jpg,17
train/Genesis/Genesis_007.jpg,17
train/Genesis/Genesis_051.jpg,17
train/Genesis/Genesis_003.jpg,17
train/Genesis/Genesis_043.jpg,17
train/Genesis/Genesis_044.jpg,17
train/Genesis/Genesis_082.jpg,17
train/Genesis/Genesis_065.jpg,17
train/Genesis/Genesis_079.jpg,17
train/Genesis/Genesis_034.jpg,17
train/Genesis/Genesis_061.jpg,17
train/Genesis/Genesis_017.jpg,17
train/Genesis/Genesis_071.jpg,17
train/Genesis/Genesis_064.jpg,17
train/Genesis/Genesis_048.jpg,17
train/Genesis/Genesis_014.jpg,17
train/Genesis/Genesis_083.jpg,17
train/Genesis/Genesis_019.jpg,17
train/Genesis/Genesis_085.jpg,17
train/Genesis/Genesis_086.jpg,17
train/Genesis/Genesis_080.jpg,17
train/Genesis/Genesis_056.jpg,17
train/Genesis/Genesis_055.jpg,17
train/Genesis/Genesis_095.jpg,17
train/Genesis/Genesis_057.jpg,17
train/Genesis/Genesis_077.jpg,17
train/Genesis/Genesis_010.jpg,17
train/Genesis/Genesis_024.jpg,17
train/Genesis/Genesis_050.jpg,17
train/Genesis/Genesis_000.jpg,17
train/Genesis/Genesis_045.jpg,17
train/Genesis/Genesis_016.jpg,17
train/Genesis/Genesis_020.jpg,17
train/Genesis/Genesis_054.jpg,17
train/Genesis/Genesis_009.jpg,17
train/Genesis/Genesis_039.jpg,17
train/Genesis/Genesis_073.jpg,17
train/Genesis/Genesis_097.jpg,17
train/Genesis/Genesis_022.jpg,17
train/Genesis/Genesis_012.jpg,17
train/Genesis/Genesis_069.jpg,17
train/Genesis/Genesis_084.jpg,17
train/Genesis/Genesis_006.jpg,17
train/Genesis/Genesis_081.jpg,17
train/Genesis/Genesis_060.jpg,17
train/Genesis/Genesis_058.jpg,17
train/Genesis/Genesis_038.jpg,17
train/Genesis/Genesis_059.jpg,17
train/Genesis/Genesis_018.jpg,17
train/Genesis/Genesis_072.jpg,17
train/Genesis/Genesis_089.jpg,17
train/Genesis/Genesis_040.jpg,17
train/Genesis/Genesis_062.jpg,17
train/Genesis/Genesis_002.jpg,17
train/Genesis/Genesis_046.jpg,17
train/Genesis/Genesis_093.jpg,17
train/Genesis/Genesis_075.jpg,17
train/Genesis/Genesis_091.jpg,17
train/Genesis/Genesis_004.jpg,17
train/Genesis/Genesis_090.jpg,17
train/Genesis/Genesis_025.jpg,17
train/Genesis/Genesis_074.jpg,17
train/Genesis/Genesis_041.jpg,17
train/Genesis/Genesis_094.jpg,17
train/Genesis/Genesis_015.jpg,17
train/Genesis/Genesis_026.jpg,17
train/Genesis/Genesis_008.jpg,17
train/Genesis/Genesis_098.jpg,17
train/Genesis/Genesis_067.jpg,17
train/Genesis/Genesis_049.jpg,17
train/Genesis/Genesis_037.jpg,17
train/Genesis/Genesis_011.jpg,17
train/Genesis/Genesis_047.jpg,17
train/Genesis/Genesis_096.jpg,17
train/Genesis/Genesis_092.jpg,17
train/Genesis/Genesis_013.jpg,17
